species,species_code,species_fr,species_latin,genus,family,diameter_cm,height_m,age_years,basal_area_m2,canopy_stratum,ecological_region,survey_year,plot_id,tree_id,record_id,data_quality_flag,observation_quality,small_sampling_seed,small_n_per_species,small_sampling_rule
Bouleau à papier (blanc),BOP,Bouleau à papier (blanc),Betula papyrifera,Betula,Betulaceae,18.8,15.3,54,0.027759112687119412,Codominant,Coteaux du réservoir Gouin,2017,1700602203,1700602203031,1700602203031,,A_observed_taxonomy_reviewed,20260625,50,Top 4 species by eligible plot count; one tree per species-plot; 50 sampled per species
Bouleau à papier (blanc),BOP,Bouleau à papier (blanc),Betula papyrifera,Betula,Betulaceae,27.7,15.9,,0.06026281567932279,Codominant,Coteaux du réservoir Cabonga,2017,1700610002,1700610002010,1700610002010,,A_observed_taxonomy_reviewed,20260625,50,Top 4 species by eligible plot count; one tree per species-plot; 50 sampled per species
Bouleau à papier (blanc),BOP,Bouleau à papier (blanc),Betula papyrifera,Betula,Betulaceae,17.8,17.5,88,0.024884555409084755,Codominant,Coteaux du réservoir Cabonga,2017,1700911301,1700911301013,1700911301013,,A_observed_taxonomy_reviewed,20260625,50,Top 4 species by eligible plot count; one tree per species-plot; 50 sampled per species
Bouleau à papier (blanc),BOP,Bouleau à papier (blanc),Betula papyrifera,Betula,Betulaceae,30.9,22,83,0.07499060203935176,Codominant,Coteaux du réservoir Cabonga,2017,1700914204,1700914204007,1700914204007,,A_observed_taxonomy_reviewed,20260625,50,Top 4 species by eligible plot count; one tree per species-plot; 50 sampled per species
Bouleau à papier (blanc),BOP,Bouleau à papier (blanc),Betula papyrifera,Betula,Betulaceae,19.8,13.5,67,0.030790749597833563,Intermédiaire,Massif du lac Jacques-Cartier,2017,1701008504,1701008504007,1701008504007,,A_observed_taxonomy_reviewed,20260625,50,Top 4 species by eligible plot count; one tree per species-plot; 50 sampled per species
Bouleau à papier (blanc),BOP,Bouleau à papier (blanc),Betula papyrifera,Betula,Betulaceae,15,13.2,58,0.017671458676442587,Codominant,Massif du lac Jacques-Cartier,2017,1701114302,1701114302023,1701114302023,,A_observed_taxonomy_reviewed,20260625,50,Top 4 species by eligible plot count; one tree per species-plot; 50 sampled per species
Bouleau à papier (blanc),BOP,Bouleau à papier (blanc),Betula papyrifera,Betula,Betulaceae,10.2,10.2,32,0.00817128249198705,Intermédiaire,Hautes collines de Charlevoix et du Saguenay,2017,1701207103,1701207103047,1701207103047,,A_observed_taxonomy_reviewed,20260625,50,Top 4 species by eligible plot count; one tree per species-plot; 50 sampled per species
Bouleau à papier (blanc),BOP,Bouleau à papier (blanc),Betula papyrifera,Betula,Betulaceae,17.8,12.2,58,0.024884555409084755,Codominant,Massif du lac Jacques-Cartier,2017,1701208702,1701208702029,1701208702029,,A_observed_taxonomy_reviewed,20260625,50,Top 4 species by eligible plot count; one tree per species-plot; 50 sampled per species
Bouleau à papier (blanc),BOP,Bouleau à papier (blanc),Betula papyrifera,Betula,Betulaceae,13.9,14.4,39,0.015174677915002103,Codominant,Collines du lac Nominingue,2017,1706604704,1706604704058,1706604704058,,A_observed_taxonomy_reviewed,20260625,50,Top 4 species by eligible plot count; one tree per species-plot; 50 sampled per species
Bouleau à papier (blanc),BOP,Bouleau à papier (blanc),Betula papyrifera,Betula,Betulaceae,16.8,15.1,32,0.022167077763729583,Codominant,Collines des moyennes Appalaches,2019,1900100804,1900100804019,1900100804019,,A_observed_taxonomy_reviewed,20260625,50,Top 4 species by eligible plot count; one tree per species-plot; 50 sampled per species
Bouleau à papier (blanc),BOP,Bouleau à papier (blanc),Betula papyrifera,Betula,Betulaceae,9.4,11.6,53,0.006939778171779853,Intermédiaire,Côte gaspésienne,2019,1900500404,1900500404017,1900500404017,,A_observed_taxonomy_reviewed,20260625,50,Top 4 species by eligible plot count; one tree per species-plot; 50 sampled per species
Bouleau à papier (blanc),BOP,Bouleau à papier (blanc),Betula papyrifera,Betula,Betulaceae,11.5,10,49,0.010386890710931254,Codominant,Côte de la baie des Chaleurs,2019,1900511504,1900511504030,1900511504030,,A_observed_taxonomy_reviewed,20260625,50,Top 4 species by eligible plot count; one tree per species-plot; 50 sampled per species
Bouleau à papier (blanc),BOP,Bouleau à papier (blanc),Betula papyrifera,Betula,Betulaceae,9.1,9.5,25,0.00650388219109427,Codominant,Collines des moyennes Appalaches,2019,1900708102,1900708102034,1900708102034,,A_observed_taxonomy_reviewed,20260625,50,Top 4 species by eligible plot count; one tree per species-plot; 50 sampled per species
Bouleau à papier (blanc),BOP,Bouleau à papier (blanc),Betula papyrifera,Betula,Betulaceae,21.7,16.7,67,0.03698361411622244,Codominant,Collines des moyennes Appalaches,2019,1900709502,1900709502004,1900709502004,,A_observed_taxonomy_reviewed,20260625,50,Top 4 species by eligible plot count; one tree per species-plot; 50 sampled per species
Bouleau à papier (blanc),BOP,Bouleau à papier (blanc),Betula papyrifera,Betula,Betulaceae,19.3,16.9,52,0.029255296188391556,Codominant,Collines des moyennes Appalaches,2019,1900715304,1900715304008,1900715304008,,A_observed_taxonomy_reviewed,20260625,50,Top 4 species by eligible plot count; one tree per species-plot; 50 sampled per species
Bouleau à papier (blanc),BOP,Bouleau à papier (blanc),Betula papyrifera,Betula,Betulaceae,25.3,20.4,65,0.05027255104090726,Codominant,Collines des moyennes Appalaches,2019,1900721101,1900721101008,1900721101008,,A_observed_taxonomy_reviewed,20260625,50,Top 4 species by eligible plot count; one tree per species-plot; 50 sampled per species
Bouleau à papier (blanc),BOP,Bouleau à papier (blanc),Betula papyrifera,Betula,Betulaceae,11.5,8.9,62,0.010386890710931254,Codominant,Haut massif gaspésien,2019,1902000604,1902000604040,1902000604040,,A_observed_taxonomy_reviewed,20260625,50,Top 4 species by eligible plot count; one tree per species-plot; 50 sampled per species
Bouleau à papier (blanc),BOP,Bouleau à papier (blanc),Betula papyrifera,Betula,Betulaceae,30.7,21,71,0.07402299150204611,Codominant,Collines de l'Outaouais et du Témiscamingue,2020,2000501602,2000501602024,2000501602024,,A_observed_taxonomy_reviewed,20260625,50,Top 4 species by eligible plot count; one tree per species-plot; 50 sampled per species
Bouleau à papier (blanc),BOP,Bouleau à papier (blanc),Betula papyrifera,Betula,Betulaceae,9.4,14.2,34,0.006939778171779853,Codominant,Collines de l'Outaouais et du Témiscamingue,2020,2000505503,2000505503027,2000505503027,,A_observed_taxonomy_reviewed,20260625,50,Top 4 species by eligible plot count; one tree per species-plot; 50 sampled per species
Bouleau à papier (blanc),BOP,Bouleau à papier (blanc),Betula papyrifera,Betula,Betulaceae,11.2,17.1,34,0.00985203456165759,Codominant,Coteaux du réservoir Cabonga,2020,2000604301,2000604301048,2000604301048,,A_observed_taxonomy_reviewed,20260625,50,Top 4 species by eligible plot count; one tree per species-plot; 50 sampled per species
Bouleau à papier (blanc),BOP,Bouleau à papier (blanc),Betula papyrifera,Betula,Betulaceae,22.5,20.9,79,0.03976078202199582,Codominant,Coteaux du réservoir Cabonga,2020,2001009702,2001009702026,2001009702026,,A_observed_taxonomy_reviewed,20260625,50,Top 4 species by eligible plot count; one tree per species-plot; 50 sampled per species
Bouleau à papier (blanc),BOP,Bouleau à papier (blanc),Betula papyrifera,Betula,Betulaceae,15,17.3,61,0.017671458676442587,Codominant,Coteaux du réservoir Gouin,2020,2001401403,2001401403018,2001401403018,,A_observed_taxonomy_reviewed,20260625,50,Top 4 species by eligible plot count; one tree per species-plot; 50 sampled per species
Bouleau à papier (blanc),BOP,Bouleau à papier (blanc),Betula papyrifera,Betula,Betulaceae,13.6,10.1,63,0.014526724430199206,Codominant,Coteaux du réservoir Gouin,2020,2001500704,2001500704010,2001500704010,,A_observed_taxonomy_reviewed,20260625,50,Top 4 species by eligible plot count; one tree per species-plot; 50 sampled per species
Bouleau à papier (blanc),BOP,Bouleau à papier (blanc),Betula papyrifera,Betula,Betulaceae,9.7,10.8,28,0.0073898113194065885,Codominant,Coteaux du réservoir Gouin,2020,2001601101,2001601101024,2001601101024,,A_observed_taxonomy_reviewed,20260625,50,Top 4 species by eligible plot count; one tree per species-plot; 50 sampled per species
Bouleau à papier (blanc),BOP,Bouleau à papier (blanc),Betula papyrifera,Betula,Betulaceae,11.1,11.4,103,0.00967689077121996,Intermédiaire,Coteaux du réservoir Gouin,2020,2001704603,2001704603050,2001704603050,,A_observed_taxonomy_reviewed,20260625,50,Top 4 species by eligible plot count; one tree per species-plot; 50 sampled per species
Bouleau à papier (blanc),BOP,Bouleau à papier (blanc),Betula papyrifera,Betula,Betulaceae,10.1,10.9,33,0.008011846664817369,Codominant,Hautes collines du bas Saint-Maurice,2021,2007602702,2007602702024,2007602702024,,A_observed_taxonomy_reviewed,20260625,50,Top 4 species by eligible plot count; one tree per species-plot; 50 sampled per species
Bouleau à papier (blanc),BOP,Bouleau à papier (blanc),Betula papyrifera,Betula,Betulaceae,25.9,20.9,100,0.05268529419886423,Codominant,Hautes collines du bas Saint-Maurice,2021,2007603601,2007603601015,2007603601015,,A_observed_taxonomy_reviewed,20260625,50,Top 4 species by eligible plot count; one tree per species-plot; 50 sampled per species
Bouleau à papier (blanc),BOP,Bouleau à papier (blanc),Betula papyrifera,Betula,Betulaceae,13.2,11.9,28,0.01368477759903714,Codominant,Collines du haut Saint-Maurice,2021,2100604401,2100604401007,2100604401007,,A_observed_taxonomy_reviewed,20260625,50,Top 4 species by eligible plot count; one tree per species-plot; 50 sampled per species
Bouleau à papier (blanc),BOP,Bouleau à papier (blanc),Betula papyrifera,Betula,Betulaceae,14.5,12,54,0.01651299638543135,Codominant,Collines du moyen Saint-Maurice,2021,2100605003,2100605003037,2100605003037,,A_observed_taxonomy_reviewed,20260625,50,Top 4 species by eligible plot count; one tree per species-plot; 50 sampled per species
Bouleau à papier (blanc),BOP,Bouleau à papier (blanc),Betula papyrifera,Betula,Betulaceae,11.3,14.5,61,0.010028749148422018,Codominant,Collines du haut Saint-Maurice,2021,2100606604,2100606604010,2100606604010,,A_observed_taxonomy_reviewed,20260625,50,Top 4 species by eligible plot count; one tree per species-plot; 50 sampled per species
Bouleau à papier (blanc),BOP,Bouleau à papier (blanc),Betula papyrifera,Betula,Betulaceae,11.8,13.2,20,0.010935884027146072,Codominant,Collines du moyen Saint-Maurice,2021,2100612502,2100612502030,2100612502030,,A_observed_taxonomy_reviewed,20260625,50,Top 4 species by eligible plot count; one tree per species-plot; 50 sampled per species
Bouleau à papier (blanc),BOP,Bouleau à papier (blanc),Betula papyrifera,Betula,Betulaceae,9.3,12.8,35,0.006792908715224532,Intermédiaire,Coteaux du réservoir Cabonga,2021,2100808502,2100808502015,2100808502015,,A_observed_taxonomy_reviewed,20260625,50,Top 4 species by eligible plot count; one tree per species-plot; 50 sampled per species
Bouleau à papier (blanc),BOP,Bouleau à papier (blanc),Betula papyrifera,Betula,Betulaceae,11.2,11.8,66,0.00985203456165759,Intermédiaire,Collines du moyen Saint-Maurice,2021,2100900403,2100900403034,2100900403034,,A_observed_taxonomy_reviewed,20260625,50,Top 4 species by eligible plot count; one tree per species-plot; 50 sampled per species
Bouleau à papier (blanc),BOP,Bouleau à papier (blanc),Betula papyrifera,Betula,Betulaceae,14.2,15.4,44,0.015836768566746144,Codominant,Collines du lac Nominingue,2021,2101303704,2101303704043,2101303704043,,A_observed_taxonomy_reviewed,20260625,50,Top 4 species by eligible plot count; one tree per species-plot; 50 sampled per species
Bouleau à papier (blanc),BOP,Bouleau à papier (blanc),Betula papyrifera,Betula,Betulaceae,16.6,18.1,51,0.021642431790580088,Codominant,Collines du lac Nominingue,2021,2101602602,2101602602027,2101602602027,,A_observed_taxonomy_reviewed,20260625,50,Top 4 species by eligible plot count; one tree per species-plot; 50 sampled per species
Bouleau à papier (blanc),BOP,Bouleau à papier (blanc),Betula papyrifera,Betula,Betulaceae,15.1,15.3,65,0.017907863523625216,Codominant,Collines du haut Saint-Maurice,2022,2200207501,2200207501010,2200207501010,,A_observed_taxonomy_reviewed,20260625,50,Top 4 species by eligible plot count; one tree per species-plot; 50 sampled per species
Bouleau à papier (blanc),BOP,Bouleau à papier (blanc),Betula papyrifera,Betula,Betulaceae,24.3,19.4,101,0.04637697615045592,Codominant,Hautes collines du bas Saint-Maurice,2023,2300124902,2300124902032,2300124902032,,A_observed_taxonomy_reviewed,20260625,50,Top 4 species by eligible plot count; one tree per species-plot; 50 sampled per species
Bouleau à papier (blanc),BOP,Bouleau à papier (blanc),Betula papyrifera,Betula,Betulaceae,26.8,15.9,100,0.056410437687858334,Codominant,Collines du moyen Saint-Maurice,2023,2300246801,2300246801014,2300246801014,,A_observed_taxonomy_reviewed,20260625,50,Top 4 species by eligible plot count; one tree per species-plot; 50 sampled per species
Bouleau à papier (blanc),BOP,Bouleau à papier (blanc),Betula papyrifera,Betula,Betulaceae,12,13,38,0.011309733552923255,Intermédiaire,Massif du mont Valin,2023,2300905402,2300905402002,2300905402002,,A_observed_taxonomy_reviewed,20260625,50,Top 4 species by eligible plot count; one tree per species-plot; 50 sampled per species
Bouleau à papier (blanc),BOP,Bouleau à papier (blanc),Betula papyrifera,Betula,Betulaceae,12.7,10.9,38,0.012667686977437444,Intermédiaire,Massif du lac Jacques-Cartier,2023,2300929303,2300929303026,2300929303026,,A_observed_taxonomy_reviewed,20260625,50,Top 4 species by eligible plot count; one tree per species-plot; 50 sampled per species
Bouleau à papier (blanc),BOP,Bouleau à papier (blanc),Betula papyrifera,Betula,Betulaceae,13.6,8.6,64,0.014526724430199206,Intermédiaire,Massif du lac Jacques-Cartier,2023,2301021402,2301021402004,2301021402004,,A_observed_taxonomy_reviewed,20260625,50,Top 4 species by eligible plot count; one tree per species-plot; 50 sampled per species
Bouleau à papier (blanc),BOP,Bouleau à papier (blanc),Betula papyrifera,Betula,Betulaceae,15.8,14.4,95,0.019606679751053898,Intermédiaire,Coteaux de la rivière Nestaocano,2024,2400419501,2400419501005,2400419501005,,A_observed_taxonomy_reviewed,20260625,50,Top 4 species by eligible plot count; one tree per species-plot; 50 sampled per species
Bouleau à papier (blanc),BOP,Bouleau à papier (blanc),Betula papyrifera,Betula,Betulaceae,11.6,10.9,34,0.010568317686676062,Codominant,Collines du lac Péribonka,2024,2400664904,2400664904046,2400664904046,,A_observed_taxonomy_reviewed,20260625,50,Top 4 species by eligible plot count; one tree per species-plot; 50 sampled per species
Bouleau à papier (blanc),BOP,Bouleau à papier (blanc),Betula papyrifera,Betula,Betulaceae,18.7,16.1,105,0.02746458837584537,Codominant,Collines qui ceinturent le lac Saint-Jean,2024,2401227604,2401227604020,2401227604020,,A_observed_taxonomy_reviewed,20260625,50,Top 4 species by eligible plot count; one tree per species-plot; 50 sampled per species
Bouleau à papier (blanc),BOP,Bouleau à papier (blanc),Betula papyrifera,Betula,Betulaceae,11.4,16.6,41,0.010207034531513238,Codominant,Plaine de l'Abitibi,2025,2500720504,2500720504051,2500720504051,,A_observed_taxonomy_reviewed,20260625,50,Top 4 species by eligible plot count; one tree per species-plot; 50 sampled per species
Bouleau à papier (blanc),BOP,Bouleau à papier (blanc),Betula papyrifera,Betula,Betulaceae,9.8,12.4,39,0.0075429639612690945,Intermédiaire,Plaine du lac Matagami,2025,2500722402,2500722402057,2500722402057,,A_observed_taxonomy_reviewed,20260625,50,Top 4 species by eligible plot count; one tree per species-plot; 50 sampled per species
Bouleau à papier (blanc),BOP,Bouleau à papier (blanc),Betula papyrifera,Betula,Betulaceae,10.9,13.3,26,0.009331315579325082,Codominant,Collines de l'Outaouais et du Témiscamingue,2018,7209301601,7209301601043,7209301601043,,A_observed_taxonomy_reviewed,20260625,50,Top 4 species by eligible plot count; one tree per species-plot; 50 sampled per species
Bouleau à papier (blanc),BOP,Bouleau à papier (blanc),Betula papyrifera,Betula,Betulaceae,23.4,14.1,35,0.04300526183499067,Codominant,Haut massif gaspésien,2017,7601203002,7601203002088,7601203002088,,A_observed_taxonomy_reviewed,20260625,50,Top 4 species by eligible plot count; one tree per species-plot; 50 sampled per species
Bouleau à papier (blanc),BOP,Bouleau à papier (blanc),Betula papyrifera,Betula,Betulaceae,11.5,12.8,34,0.010386890710931254,Codominant,Collines qui ceinturent le lac Saint-Jean,2023,9204302201,9204302201029,9204302201029,,A_observed_taxonomy_reviewed,20260625,50,Top 4 species by eligible plot count; one tree per species-plot; 50 sampled per species
Bouleau à papier (blanc),BOP,Bouleau à papier (blanc),Betula papyrifera,Betula,Betulaceae,14.1,12.1,69,0.015614500886504666,Dominant,Collines des moyennes Appalaches,2017,9500700502,9500700502004,9500700502004,,A_observed_taxonomy_reviewed,20260625,50,Top 4 species by eligible plot count; one tree per species-plot; 50 sampled per species
Épinette noire,EPN,Épinette noire,Picea mariana,Picea,Pinaceae,18.5,20.1,112,0.026880252142277666,Codominant,Collines de l'Outaouais et du Témiscamingue,2017,1700511801,1700511801038,1700511801038,,A_observed_taxonomy_reviewed,20260625,50,Top 4 species by eligible plot count; one tree per species-plot; 50 sampled per species
Épinette noire,EPN,Épinette noire,Picea mariana,Picea,Pinaceae,18.1,16.1,54,0.025730429231063806,Codominant,Collines du moyen Saint-Maurice,2017,1700904203,1700904203012,1700904203012,,A_observed_taxonomy_reviewed,20260625,50,Top 4 species by eligible plot count; one tree per species-plot; 50 sampled per species
Épinette noire,EPN,Épinette noire,Picea mariana,Picea,Pinaceae,14.2,11.2,35,0.015836768566746144,Codominant,Hautes collines de Charlevoix et du Saguenay,2017,1701000801,1701000801037,1701000801037,,A_observed_taxonomy_reviewed,20260625,50,Top 4 species by eligible plot count; one tree per species-plot; 50 sampled per species
Épinette noire,EPN,Épinette noire,Picea mariana,Picea,Pinaceae,19.2,14.7,36,0.028952917895483533,Codominant,Massif du lac Jacques-Cartier,2017,1701009703,1701009703015,1701009703015,,A_observed_taxonomy_reviewed,20260625,50,Top 4 species by eligible plot count; one tree per species-plot; 50 sampled per species
Épinette noire,EPN,Épinette noire,Picea mariana,Picea,Pinaceae,16.5,12.1,48,0.021382464998495533,Codominant,Hautes collines de Charlevoix et du Saguenay,2017,1701015002,1701015002034,1701015002034,,A_observed_taxonomy_reviewed,20260625,50,Top 4 species by eligible plot count; one tree per species-plot; 50 sampled per species
Épinette noire,EPN,Épinette noire,Picea mariana,Picea,Pinaceae,10,3.9,25,0.007853981633974483,Opprimé,Massif du lac Jacques-Cartier,2017,1701402604,1701402604048,1701402604048,,A_observed_taxonomy_reviewed,20260625,50,Top 4 species by eligible plot count; one tree per species-plot; 50 sampled per species
Épinette noire,EPN,Épinette noire,Picea mariana,Picea,Pinaceae,13.9,11.8,29,0.015174677915002103,Codominant,Collines des moyennes Appalaches,2019,1900203603,1900203603010,1900203603010,,A_observed_taxonomy_reviewed,20260625,50,Top 4 species by eligible plot count; one tree per species-plot; 50 sampled per species
Épinette noire,EPN,Épinette noire,Picea mariana,Picea,Pinaceae,18.5,12.1,94,0.026880252142277666,Dominant,Côte gaspésienne,2019,1900609101,1900609101023,1900609101023,,A_observed_taxonomy_reviewed,20260625,50,Top 4 species by eligible plot count; one tree per species-plot; 50 sampled per species
Épinette noire,EPN,Épinette noire,Picea mariana,Picea,Pinaceae,10.4,9,22,0.008494866535306803,Intermédiaire,Coteaux des basses Appalaches,2019,1900807303,1900807303009,1900807303009,,A_observed_taxonomy_reviewed,20260625,50,Top 4 species by eligible plot count; one tree per species-plot; 50 sampled per species
Épinette noire,EPN,Épinette noire,Picea mariana,Picea,Pinaceae,25.1,16,68,0.04948086969220264,Codominant,Coteaux des basses Appalaches,2019,1900808004,1900808004014,1900808004014,,A_observed_taxonomy_reviewed,20260625,50,Top 4 species by eligible plot count; one tree per species-plot; 50 sampled per species
Épinette noire,EPN,Épinette noire,Picea mariana,Picea,Pinaceae,11.8,7.6,68,0.010935884027146072,Opprimé,Haut massif gaspésien,2019,1901904104,1901904104068,1901904104068,,A_observed_taxonomy_reviewed,20260625,50,Top 4 species by eligible plot count; one tree per species-plot; 50 sampled per species
Épinette noire,EPN,Épinette noire,Picea mariana,Picea,Pinaceae,18.9,16,36,0.02805520779472024,Codominant,Collines de l'Outaouais et du Témiscamingue,2020,2000301503,2000301503036,2000301503036,,A_observed_taxonomy_reviewed,20260625,50,Top 4 species by eligible plot count; one tree per species-plot; 50 sampled per species
Épinette noire,EPN,Épinette noire,Picea mariana,Picea,Pinaceae,12,10.4,40,0.011309733552923255,Intermédiaire,Collines de l'Outaouais et du Témiscamingue,2020,2000313103,2000313103017,2000313103017,,A_observed_taxonomy_reviewed,20260625,50,Top 4 species by eligible plot count; one tree per species-plot; 50 sampled per species
Épinette noire,EPN,Épinette noire,Picea mariana,Picea,Pinaceae,16.5,15,31,0.021382464998495533,Codominant,Collines de l'Outaouais et du Témiscamingue,2020,2000406202,2000406202038,2000406202038,,A_observed_taxonomy_reviewed,20260625,50,Top 4 species by eligible plot count; one tree per species-plot; 50 sampled per species
Épinette noire,EPN,Épinette noire,Picea mariana,Picea,Pinaceae,9.6,11.4,35,0.007238229473870883,Codominant,Coteaux du réservoir Cabonga,2020,2001005203,2001005203009,2001005203009,,A_observed_taxonomy_reviewed,20260625,50,Top 4 species by eligible plot count; one tree per species-plot; 50 sampled per species
Épinette noire,EPN,Épinette noire,Picea mariana,Picea,Pinaceae,11.4,10.2,25,0.010207034531513238,Intermédiaire,Coteaux du réservoir Cabonga,2020,2001106502,2001106502039,2001106502039,,A_observed_taxonomy_reviewed,20260625,50,Top 4 species by eligible plot count; one tree per species-plot; 50 sampled per species
Épinette noire,EPN,Épinette noire,Picea mariana,Picea,Pinaceae,13.5,13.1,56,0.014313881527918496,Codominant,Coteaux du réservoir Gouin,2020,2001305104,2001305104010,2001305104010,,A_observed_taxonomy_reviewed,20260625,50,Top 4 species by eligible plot count; one tree per species-plot; 50 sampled per species
Épinette noire,EPN,Épinette noire,Picea mariana,Picea,Pinaceae,16.5,12.9,46,0.021382464998495533,Codominant,Coteaux du réservoir Gouin,2020,2001400402,2001400402045,2001400402045,,A_observed_taxonomy_reviewed,20260625,50,Top 4 species by eligible plot count; one tree per species-plot; 50 sampled per species
Épinette noire,EPN,Épinette noire,Picea mariana,Picea,Pinaceae,9.2,7.8,17,0.006647610054996002,Intermédiaire,Coteaux du réservoir Gouin,2020,2001408103,2001408103004,2001408103004,,A_observed_taxonomy_reviewed,20260625,50,Top 4 species by eligible plot count; one tree per species-plot; 50 sampled per species
Épinette noire,EPN,Épinette noire,Picea mariana,Picea,Pinaceae,14.9,16.9,85,0.017436624625586747,Codominant,Plaine du lac Opémisca,2020,2001600601,2001600601017,2001600601017,,A_observed_taxonomy_reviewed,20260625,50,Top 4 species by eligible plot count; one tree per species-plot; 50 sampled per species
Épinette noire,EPN,Épinette noire,Picea mariana,Picea,Pinaceae,9.6,9.7,25,0.007238229473870883,Codominant,Coteaux du réservoir Gouin,2020,2001604102,2001604102005,2001604102005,,A_observed_taxonomy_reviewed,20260625,50,Top 4 species by eligible plot count; one tree per species-plot; 50 sampled per species
Épinette noire,EPN,Épinette noire,Picea mariana,Picea,Pinaceae,13.2,12.3,38,0.01368477759903714,Codominant,Coteaux du réservoir Gouin,2020,2001700404,2001700404009,2001700404009,,A_observed_taxonomy_reviewed,20260625,50,Top 4 species by eligible plot count; one tree per species-plot; 50 sampled per species
Épinette noire,EPN,Épinette noire,Picea mariana,Picea,Pinaceae,19.4,18.5,138,0.029559245277626354,Codominant,Plaine de l'Abitibi,2021,2100500404,2100500404005,2100500404005,,A_observed_taxonomy_reviewed,20260625,50,Top 4 species by eligible plot count; one tree per species-plot; 50 sampled per species
Épinette noire,EPN,Épinette noire,Picea mariana,Picea,Pinaceae,9.9,7.9,71,0.007697687399458391,Intermédiaire,Plaine de l'Abitibi,2021,2100509103,2100509103007,2100509103007,,A_observed_taxonomy_reviewed,20260625,50,Top 4 species by eligible plot count; one tree per species-plot; 50 sampled per species
Épinette noire,EPN,Épinette noire,Picea mariana,Picea,Pinaceae,13.6,11.8,45,0.014526724430199206,Codominant,Collines du moyen Saint-Maurice,2021,2100611903,2100611903016,2100611903016,,A_observed_taxonomy_reviewed,20260625,50,Top 4 species by eligible plot count; one tree per species-plot; 50 sampled per species
Épinette noire,EPN,Épinette noire,Picea mariana,Picea,Pinaceae,11.3,10.9,59,0.010028749148422018,Codominant,Plaine de l'Abitibi,2021,2102702902,2102702902064,2102702902064,,A_observed_taxonomy_reviewed,20260625,50,Top 4 species by eligible plot count; one tree per species-plot; 50 sampled per species
Épinette noire,EPN,Épinette noire,Picea mariana,Picea,Pinaceae,19.6,16.2,121,0.030171855845076378,Intermédiaire,Coteaux de la rivière Nestaocano,2022,2200112003,2200112003028,2200112003028,,A_observed_taxonomy_reviewed,20260625,50,Top 4 species by eligible plot count; one tree per species-plot; 50 sampled per species
Épinette noire,EPN,Épinette noire,Picea mariana,Picea,Pinaceae,10.6,11.4,,0.008824733763933728,Intermédiaire,Collines du haut Saint-Maurice,2022,2200130303,2200130303007,2200130303007,,A_observed_taxonomy_reviewed,20260625,50,Top 4 species by eligible plot count; one tree per species-plot; 50 sampled per species
Épinette noire,EPN,Épinette noire,Picea mariana,Picea,Pinaceae,15.5,14.6,153,0.018869190875623696,Codominant,Collines du haut Saint-Maurice,2022,2200202004,2200202004010,2200202004010,,A_observed_taxonomy_reviewed,20260625,50,Top 4 species by eligible plot count; one tree per species-plot; 50 sampled per species
Épinette noire,EPN,Épinette noire,Picea mariana,Picea,Pinaceae,14.3,12.7,45,0.016060607043314423,Codominant,Collines du moyen Saint-Maurice,2022,2200360703,2200360703023,2200360703023,,A_observed_taxonomy_reviewed,20260625,50,Top 4 species by eligible plot count; one tree per species-plot; 50 sampled per species
Épinette noire,EPN,Épinette noire,Picea mariana,Picea,Pinaceae,9.2,7.6,24,0.006647610054996002,Codominant,Collines du moyen Saint-Maurice,2022,2200362202,2200362202013,2200362202013,,A_observed_taxonomy_reviewed,20260625,50,Top 4 species by eligible plot count; one tree per species-plot; 50 sampled per species
Épinette noire,EPN,Épinette noire,Picea mariana,Picea,Pinaceae,18.4,16.4,63,0.026590440219984007,Codominant,Collines du moyen Saint-Maurice,2022,2200453001,2200453001034,2200453001034,,A_observed_taxonomy_reviewed,20260625,50,Top 4 species by eligible plot count; one tree per species-plot; 50 sampled per species
Épinette noire,EPN,Épinette noire,Picea mariana,Picea,Pinaceae,9.2,8,26,0.006647610054996002,Opprimé,Hautes collines du bas Saint-Maurice,2023,2300230104,2300230104002,2300230104002,,A_observed_taxonomy_reviewed,20260625,50,Top 4 species by eligible plot count; one tree per species-plot; 50 sampled per species
Épinette noire,EPN,Épinette noire,Picea mariana,Picea,Pinaceae,10,6.7,25,0.007853981633974483,Intermédiaire,Massif du mont Valin,2023,2300830802,2300830802009,2300830802009,,A_observed_taxonomy_reviewed,20260625,50,Top 4 species by eligible plot count; one tree per species-plot; 50 sampled per species
Épinette noire,EPN,Épinette noire,Picea mariana,Picea,Pinaceae,10.3,8.8,99,0.00833228911548353,Codominant,Massif du lac Jacques-Cartier,2023,2300924103,2300924103030,2300924103030,,A_observed_taxonomy_reviewed,20260625,50,Top 4 species by eligible plot count; one tree per species-plot; 50 sampled per species
Épinette noire,EPN,Épinette noire,Picea mariana,Picea,Pinaceae,11.1,8,41,0.00967689077121996,Codominant,Massif du lac Jacques-Cartier,2023,2300929301,2300929301069,2300929301069,,A_observed_taxonomy_reviewed,20260625,50,Top 4 species by eligible plot count; one tree per species-plot; 50 sampled per species
Épinette noire,EPN,Épinette noire,Picea mariana,Picea,Pinaceae,20.7,15.2,100,0.03365352590341726,Codominant,Massif du lac Jacques-Cartier,2023,2301002003,2301002003018,2301002003018,,A_observed_taxonomy_reviewed,20260625,50,Top 4 species by eligible plot count; one tree per species-plot; 50 sampled per species
Épinette noire,EPN,Épinette noire,Picea mariana,Picea,Pinaceae,15.5,14.7,142,0.018869190875623696,Codominant,Coteaux du lac Manouane,2024,2400400204,2400400204023,2400400204023,,A_observed_taxonomy_reviewed,20260625,50,Top 4 species by eligible plot count; one tree per species-plot; 50 sampled per species
Épinette noire,EPN,Épinette noire,Picea mariana,Picea,Pinaceae,15.4,15,74,0.018626502843133885,Codominant,Coteaux du lac Manouane,2024,2400411103,2400411103013,2400411103013,,A_observed_taxonomy_reviewed,20260625,50,Top 4 species by eligible plot count; one tree per species-plot; 50 sampled per species
Épinette noire,EPN,Épinette noire,Picea mariana,Picea,Pinaceae,10.2,8.4,52,0.00817128249198705,Opprimé,Coteaux de la rivière Nestaocano,2024,2400418803,2400418803032,2400418803032,,A_observed_taxonomy_reviewed,20260625,50,Top 4 species by eligible plot count; one tree per species-plot; 50 sampled per species
Épinette noire,EPN,Épinette noire,Picea mariana,Picea,Pinaceae,10.2,10.2,31,0.00817128249198705,Codominant,Coteaux de la rivière Nestaocano,2024,2400517604,2400517604035,2400517604035,,A_observed_taxonomy_reviewed,20260625,50,Top 4 species by eligible plot count; one tree per species-plot; 50 sampled per species
Épinette noire,EPN,Épinette noire,Picea mariana,Picea,Pinaceae,9.4,7.9,60,0.006939778171779853,Opprimé,Collines du lac Péribonka,2024,2400955003,2400955003041,2400955003041,,A_observed_taxonomy_reviewed,20260625,50,Top 4 species by eligible plot count; one tree per species-plot; 50 sampled per species
Épinette noire,EPN,Épinette noire,Picea mariana,Picea,Pinaceae,19.5,12.4,42,0.029864765163187975,Codominant,Collines du lac Péribonka,2024,2400959303,2400959303018,2400959303018,,A_observed_taxonomy_reviewed,20260625,50,Top 4 species by eligible plot count; one tree per species-plot; 50 sampled per species
Épinette noire,EPN,Épinette noire,Picea mariana,Picea,Pinaceae,10.9,10.3,54,0.009331315579325082,Intermédiaire,Collines qui ceinturent le lac Saint-Jean,2024,2401118602,2401118602039,2401118602039,,A_observed_taxonomy_reviewed,20260625,50,Top 4 species by eligible plot count; one tree per species-plot; 50 sampled per species
Épinette noire,EPN,Épinette noire,Picea mariana,Picea,Pinaceae,13.3,10.1,22,0.013892908112337465,Intermédiaire,Plaine du lac Matagami,2025,2500160704,2500160704002,2500160704002,,A_observed_taxonomy_reviewed,20260625,50,Top 4 species by eligible plot count; one tree per species-plot; 50 sampled per species
Épinette noire,EPN,Épinette noire,Picea mariana,Picea,Pinaceae,11,8.8,26,0.009503317777109124,Codominant,Plaine du lac Matagami,2025,2500169204,2500169204002,2500169204002,,A_observed_taxonomy_reviewed,20260625,50,Top 4 species by eligible plot count; one tree per species-plot; 50 sampled per species
Épinette noire,EPN,Épinette noire,Picea mariana,Picea,Pinaceae,21,16.6,69,0.03463605900582747,Intermédiaire,Plaine de l'Abitibi,2018,7200700802,7200700802054,7200700802054,,A_observed_taxonomy_reviewed,20260625,50,Top 4 species by eligible plot count; one tree per species-plot; 50 sampled per species
Épinette noire,EPN,Épinette noire,Picea mariana,Picea,Pinaceae,9.3,10,45,0.006792908715224532,Opprimé,Collines de l'Outaouais et du Témiscamingue,2015,7209500201,7209500201069,7209500201069,,A_observed_taxonomy_reviewed,20260625,50,Top 4 species by eligible plot count; one tree per species-plot; 50 sampled per species
Épinette noire,EPN,Épinette noire,Picea mariana,Picea,Pinaceae,14,11.5,68,0.015393804002589988,Codominant,Plaine du lac Saint-Jean et du Saguenay,2023,9500802601,9500802601001,9500802601001,,A_observed_taxonomy_reviewed,20260625,50,Top 4 species by eligible plot count; one tree per species-plot; 50 sampled per species
Épinette noire,EPN,Épinette noire,Picea mariana,Picea,Pinaceae,21.4,15.7,78,0.03596809429094954,Codominant,Collines du lac Nominingue,2020,9700901602,9700901602037,9700901602037,,A_observed_taxonomy_reviewed,20260625,50,Top 4 species by eligible plot count; one tree per species-plot; 50 sampled per species
Érable rouge,ERR,Érable rouge,Acer rubrum,Acer,Sapindaceae,16.7,16.3,,0.02190396937899143,Codominant,Collines de l'Outaouais et du Témiscamingue,2017,1700507902,1700507902027,1700507902027,,A_observed_taxonomy_reviewed,20260625,50,Top 4 species by eligible plot count; one tree per species-plot; 50 sampled per species
Érable rouge,ERR,Érable rouge,Acer rubrum,Acer,Sapindaceae,25.5,14.7,,0.051070515574919075,Codominant,Coteaux du réservoir Cabonga,2017,1700609602,1700609602009,1700609602009,,A_observed_taxonomy_reviewed,20260625,50,Top 4 species by eligible plot count; one tree per species-plot; 50 sampled per species
Érable rouge,ERR,Érable rouge,Acer rubrum,Acer,Sapindaceae,11.6,11.6,,0.010568317686676062,Intermédiaire,Coteaux du réservoir Cabonga,2017,1700705704,1700705704039,1700705704039,,A_observed_taxonomy_reviewed,20260625,50,Top 4 species by eligible plot count; one tree per species-plot; 50 sampled per species
Érable rouge,ERR,Érable rouge,Acer rubrum,Acer,Sapindaceae,33.6,17.1,,0.08866831105491833,Dominant,Coteaux du réservoir Cabonga,2017,1700714202,1700714202003,1700714202003,,A_observed_taxonomy_reviewed,20260625,50,Top 4 species by eligible plot count; one tree per species-plot; 50 sampled per species
Érable rouge,ERR,Érable rouge,Acer rubrum,Acer,Sapindaceae,26.8,15.9,,0.056410437687858334,Codominant,Coteaux du réservoir Cabonga,2017,1700901603,1700901603001,1700901603001,,A_observed_taxonomy_reviewed,20260625,50,Top 4 species by eligible plot count; one tree per species-plot; 50 sampled per species
Érable rouge,ERR,Érable rouge,Acer rubrum,Acer,Sapindaceae,9.8,11.3,,0.0075429639612690945,Codominant,Coteaux du réservoir Cabonga,2017,1700909302,1700909302041,1700909302041,,A_observed_taxonomy_reviewed,20260625,50,Top 4 species by eligible plot count; one tree per species-plot; 50 sampled per species
Érable rouge,ERR,Érable rouge,Acer rubrum,Acer,Sapindaceae,9.6,13.5,,0.007238229473870883,Codominant,Coteaux du réservoir Cabonga,2017,1700911202,1700911202006,1700911202006,,A_observed_taxonomy_reviewed,20260625,50,Top 4 species by eligible plot count; one tree per species-plot; 50 sampled per species
Érable rouge,ERR,Érable rouge,Acer rubrum,Acer,Sapindaceae,9.9,7.3,,0.007697687399458391,Codominant,Hautes collines de Charlevoix et du Saguenay,2017,1701011303,1701011303012,1701011303012,,A_observed_taxonomy_reviewed,20260625,50,Top 4 species by eligible plot count; one tree per species-plot; 50 sampled per species
Érable rouge,ERR,Érable rouge,Acer rubrum,Acer,Sapindaceae,11.2,12.2,,0.00985203456165759,Codominant,Hautes collines de Charlevoix et du Saguenay,2017,1701212903,1701212903034,1701212903034,,A_observed_taxonomy_reviewed,20260625,50,Top 4 species by eligible plot count; one tree per species-plot; 50 sampled per species
Érable rouge,ERR,Érable rouge,Acer rubrum,Acer,Sapindaceae,9.2,8.2,,0.006647610054996002,Intermédiaire,Coteaux des basses Appalaches,2018,1801102702,1801102702002,1801102702002,,A_observed_taxonomy_reviewed,20260625,50,Top 4 species by eligible plot count; one tree per species-plot; 50 sampled per species
Érable rouge,ERR,Érable rouge,Acer rubrum,Acer,Sapindaceae,20.3,13.4,,0.03236547291544545,Codominant,Collines des moyennes Appalaches,2019,1900401402,1900401402045,1900401402045,,A_observed_taxonomy_reviewed,20260625,50,Top 4 species by eligible plot count; one tree per species-plot; 50 sampled per species
Érable rouge,ERR,Érable rouge,Acer rubrum,Acer,Sapindaceae,11.5,10.1,,0.010386890710931254,Codominant,Collines des moyennes Appalaches,2019,1900716302,1900716302015,1900716302015,,A_observed_taxonomy_reviewed,20260625,50,Top 4 species by eligible plot count; one tree per species-plot; 50 sampled per species
Érable rouge,ERR,Érable rouge,Acer rubrum,Acer,Sapindaceae,12.9,14,,0.013069810837096936,Codominant,Collines des moyennes Appalaches,2019,1901718302,1901718302062,1901718302062,,A_observed_taxonomy_reviewed,20260625,50,Top 4 species by eligible plot count; one tree per species-plot; 50 sampled per species
Érable rouge,ERR,Érable rouge,Acer rubrum,Acer,Sapindaceae,9.8,11.8,,0.0075429639612690945,Intermédiaire,Massif gaspésien,2019,1902004003,1902004003086,1902004003086,,A_observed_taxonomy_reviewed,20260625,50,Top 4 species by eligible plot count; one tree per species-plot; 50 sampled per species
Érable rouge,ERR,Érable rouge,Acer rubrum,Acer,Sapindaceae,14.3,16,,0.016060607043314423,Codominant,Collines des moyennes Appalaches,2019,1902201303,1902201303068,1902201303068,,A_observed_taxonomy_reviewed,20260625,50,Top 4 species by eligible plot count; one tree per species-plot; 50 sampled per species
Érable rouge,ERR,Érable rouge,Acer rubrum,Acer,Sapindaceae,25.9,19.9,,0.05268529419886423,Codominant,Collines de l'Outaouais et du Témiscamingue,2020,2000304901,2000304901020,2000304901020,,A_observed_taxonomy_reviewed,20260625,50,Top 4 species by eligible plot count; one tree per species-plot; 50 sampled per species
Érable rouge,ERR,Érable rouge,Acer rubrum,Acer,Sapindaceae,12.4,15.1,,0.012076282160399163,Intermédiaire,Collines de l'Outaouais et du Témiscamingue,2020,2000402704,2000402704013,2000402704013,,A_observed_taxonomy_reviewed,20260625,50,Top 4 species by eligible plot count; one tree per species-plot; 50 sampled per species
Érable rouge,ERR,Érable rouge,Acer rubrum,Acer,Sapindaceae,9.9,9.4,,0.007697687399458391,Codominant,Collines de l'Outaouais et du Témiscamingue,2020,2000409103,2000409103030,2000409103030,,A_observed_taxonomy_reviewed,20260625,50,Top 4 species by eligible plot count; one tree per species-plot; 50 sampled per species
Érable rouge,ERR,Érable rouge,Acer rubrum,Acer,Sapindaceae,10.8,12.3,,0.009160884177867838,Opprimé,Coteaux du réservoir Cabonga,2020,2000600901,2000600901022,2000600901022,,A_observed_taxonomy_reviewed,20260625,50,Top 4 species by eligible plot count; one tree per species-plot; 50 sampled per species
Érable rouge,ERR,Érable rouge,Acer rubrum,Acer,Sapindaceae,12.1,14.4,,0.01149901451030204,Intermédiaire,Coteaux du réservoir Cabonga,2020,2000608704,2000608704007,2000608704007,,A_observed_taxonomy_reviewed,20260625,50,Top 4 species by eligible plot count; one tree per species-plot; 50 sampled per species
Érable rouge,ERR,Érable rouge,Acer rubrum,Acer,Sapindaceae,10.4,13,,0.008494866535306803,Intermédiaire,Coteaux du réservoir Cabonga,2020,2000610002,2000610002015,2000610002015,,A_observed_taxonomy_reviewed,20260625,50,Top 4 species by eligible plot count; one tree per species-plot; 50 sampled per species
Érable rouge,ERR,Érable rouge,Acer rubrum,Acer,Sapindaceae,39.8,20.5,,0.12441021067480937,Codominant,Coteaux du réservoir Cabonga,2020,2001001804,2001001804053,2001001804053,,A_observed_taxonomy_reviewed,20260625,50,Top 4 species by eligible plot count; one tree per species-plot; 50 sampled per species
Érable rouge,ERR,Érable rouge,Acer rubrum,Acer,Sapindaceae,12.1,13.7,,0.01149901451030204,Codominant,Coteaux du réservoir Cabonga,2020,2001104904,2001104904027,2001104904027,,A_observed_taxonomy_reviewed,20260625,50,Top 4 species by eligible plot count; one tree per species-plot; 50 sampled per species
Érable rouge,ERR,Érable rouge,Acer rubrum,Acer,Sapindaceae,9.2,11.5,,0.006647610054996002,Intermédiaire,Coteaux du réservoir Gouin,2020,2001602704,2001602704001,2001602704001,,A_observed_taxonomy_reviewed,20260625,50,Top 4 species by eligible plot count; one tree per species-plot; 50 sampled per species
Érable rouge,ERR,Érable rouge,Acer rubrum,Acer,Sapindaceae,10.3,12.3,,0.00833228911548353,Codominant,Plaines et coteaux du lac Simard,2020,2002302704,2002302704060,2002302704060,,A_observed_taxonomy_reviewed,20260625,50,Top 4 species by eligible plot count; one tree per species-plot; 50 sampled per species
Érable rouge,ERR,Érable rouge,Acer rubrum,Acer,Sapindaceae,35.5,20.1,,0.09897980354216342,Dominant,Hautes collines du bas Saint-Maurice,2021,2007501403,2007501403017,2007501403017,,A_observed_taxonomy_reviewed,20260625,50,Top 4 species by eligible plot count; one tree per species-plot; 50 sampled per species
Érable rouge,ERR,Érable rouge,Acer rubrum,Acer,Sapindaceae,12,11.9,,0.011309733552923255,Codominant,Plaine de l'Abitibi,2021,2100705401,2100705401014,2100705401014,,A_observed_taxonomy_reviewed,20260625,50,Top 4 species by eligible plot count; one tree per species-plot; 50 sampled per species
Érable rouge,ERR,Érable rouge,Acer rubrum,Acer,Sapindaceae,11.1,10.8,,0.00967689077121996,Codominant,Hautes collines du bas Saint-Maurice,2021,2101103602,2101103602024,2101103602024,,A_observed_taxonomy_reviewed,20260625,50,Top 4 species by eligible plot count; one tree per species-plot; 50 sampled per species
Érable rouge,ERR,Érable rouge,Acer rubrum,Acer,Sapindaceae,13.1,13.1,,0.013478217882063612,Codominant,Collines du lac Nominingue,2021,2101201001,2101201001024,2101201001024,,A_observed_taxonomy_reviewed,20260625,50,Top 4 species by eligible plot count; one tree per species-plot; 50 sampled per species
Érable rouge,ERR,Érable rouge,Acer rubrum,Acer,Sapindaceae,28.9,20.1,,0.06559724000511827,Codominant,Collines du lac Nominingue,2021,2101208104,2101208104019,2101208104019,,A_observed_taxonomy_reviewed,20260625,50,Top 4 species by eligible plot count; one tree per species-plot; 50 sampled per species
Érable rouge,ERR,Érable rouge,Acer rubrum,Acer,Sapindaceae,23,18.4,,0.04154756284372502,Codominant,Collines du lac Nominingue,2021,2101401902,2101401902005,2101401902005,,A_observed_taxonomy_reviewed,20260625,50,Top 4 species by eligible plot count; one tree per species-plot; 50 sampled per species
Érable rouge,ERR,Érable rouge,Acer rubrum,Acer,Sapindaceae,29.8,17.8,,0.06974649850234699,Codominant,Coteaux de l'Estrie,2022,2107723002,2107723002011,2107723002011,,A_observed_taxonomy_reviewed,20260625,50,Top 4 species by eligible plot count; one tree per species-plot; 50 sampled per species
Érable rouge,ERR,Érable rouge,Acer rubrum,Acer,Sapindaceae,15.4,14.3,,0.018626502843133885,Intermédiaire,Collines du moyen Saint-Maurice,2022,2200251603,2200251603014,2200251603014,,A_observed_taxonomy_reviewed,20260625,50,Top 4 species by eligible plot count; one tree per species-plot; 50 sampled per species
Érable rouge,ERR,Érable rouge,Acer rubrum,Acer,Sapindaceae,9.8,10.9,,0.0075429639612690945,Codominant,Collines du moyen Saint-Maurice,2022,2200346502,2200346502001,2200346502001,,A_observed_taxonomy_reviewed,20260625,50,Top 4 species by eligible plot count; one tree per species-plot; 50 sampled per species
Érable rouge,ERR,Érable rouge,Acer rubrum,Acer,Sapindaceae,24.6,15.5,,0.04752915525615999,Codominant,Collines du moyen Saint-Maurice,2022,2200367501,2200367501039,2200367501039,,A_observed_taxonomy_reviewed,20260625,50,Top 4 species by eligible plot count; one tree per species-plot; 50 sampled per species
Érable rouge,ERR,Érable rouge,Acer rubrum,Acer,Sapindaceae,11.2,12.1,,0.00985203456165759,Codominant,Collines du moyen Saint-Maurice,2022,2200446604,2200446604003,2200446604003,,A_observed_taxonomy_reviewed,20260625,50,Top 4 species by eligible plot count; one tree per species-plot; 50 sampled per species
Érable rouge,ERR,Érable rouge,Acer rubrum,Acer,Sapindaceae,41.5,26.9,,0.13526519869112552,Codominant,Hautes collines du bas Saint-Maurice,2022,2201029701,2201029701002,2201029701002,,A_observed_taxonomy_reviewed,20260625,50,Top 4 species by eligible plot count; one tree per species-plot; 50 sampled per species
Érable rouge,ERR,Érable rouge,Acer rubrum,Acer,Sapindaceae,10.1,16.8,,0.008011846664817369,Codominant,Plaine du bas Outaouais et de l'archipel de Montréal,2022,2201031701,2201031701027,2201031701027,,A_observed_taxonomy_reviewed,20260625,50,Top 4 species by eligible plot count; one tree per species-plot; 50 sampled per species
Érable rouge,ERR,Érable rouge,Acer rubrum,Acer,Sapindaceae,19,19.2,,0.028352873698647883,Codominant,Coteaux de l'Estrie,2022,2201138102,2201138102029,2201138102029,,A_observed_taxonomy_reviewed,20260625,50,Top 4 species by eligible plot count; one tree per species-plot; 50 sampled per species
Érable rouge,ERR,Érable rouge,Acer rubrum,Acer,Sapindaceae,16.5,15.5,,0.021382464998495533,Intermédiaire,Coteaux des basses Appalaches,2016,7000409701,7000409701081,7000409701081,,A_observed_taxonomy_reviewed,20260625,50,Top 4 species by eligible plot count; one tree per species-plot; 50 sampled per species
Érable rouge,ERR,Érable rouge,Acer rubrum,Acer,Sapindaceae,13,17.4,,0.013273228961416878,Intermédiaire,Coteaux des basses Appalaches,2016,7000410302,7000410302023,7000410302023,,A_observed_taxonomy_reviewed,20260625,50,Top 4 species by eligible plot count; one tree per species-plot; 50 sampled per species
Érable rouge,ERR,Érable rouge,Acer rubrum,Acer,Sapindaceae,28.3,21.7,,0.06290175350833825,Codominant,Plaine du bas Outaouais et de l'archipel de Montréal,2019,7000500201,7000500201035,7000500201035,,A_observed_taxonomy_reviewed,20260625,50,Top 4 species by eligible plot count; one tree per species-plot; 50 sampled per species
Érable rouge,ERR,Érable rouge,Acer rubrum,Acer,Sapindaceae,17.7,14.9,,0.024605739061078654,Codominant,Collines de la basse Gatineau,2015,7100803001,7100803001031,7100803001031,,A_observed_taxonomy_reviewed,20260625,50,Top 4 species by eligible plot count; one tree per species-plot; 50 sampled per species
Érable rouge,ERR,Érable rouge,Acer rubrum,Acer,Sapindaceae,11.8,15.4,,0.010935884027146072,Codominant,Collines de l'Outaouais et du Témiscamingue,2015,7109800902,7109800902068,7109800902068,,A_observed_taxonomy_reviewed,20260625,50,Top 4 species by eligible plot count; one tree per species-plot; 50 sampled per species
Érable rouge,ERR,Érable rouge,Acer rubrum,Acer,Sapindaceae,34.3,21.3,,0.09240130852554637,Codominant,Collines du moyen Saint-Maurice,2021,7309802801,7309802801001,7309802801001,,A_observed_taxonomy_reviewed,20260625,50,Top 4 species by eligible plot count; one tree per species-plot; 50 sampled per species
Érable rouge,ERR,Érable rouge,Acer rubrum,Acer,Sapindaceae,12.5,13.6,,0.01227184630308513,Codominant,Hautes collines du bas Saint-Maurice,2019,7601802602,7601802602034,7601802602034,,A_observed_taxonomy_reviewed,20260625,50,Top 4 species by eligible plot count; one tree per species-plot; 50 sampled per species
Érable rouge,ERR,Érable rouge,Acer rubrum,Acer,Sapindaceae,31.5,29.6,,0.07793113276311181,Codominant,Hautes collines du bas Saint-Maurice,2019,7601806001,7601806001018,7601806001018,,A_observed_taxonomy_reviewed,20260625,50,Top 4 species by eligible plot count; one tree per species-plot; 50 sampled per species
Érable rouge,ERR,Érable rouge,Acer rubrum,Acer,Sapindaceae,33.8,27.3,,0.08972702777917807,Codominant,Plaine du Saint-Laurent,2022,9509900601,9509900601011,9509900601011,,A_observed_taxonomy_reviewed,20260625,50,Top 4 species by eligible plot count; one tree per species-plot; 50 sampled per species
Érable rouge,ERR,Érable rouge,Acer rubrum,Acer,Sapindaceae,29.3,19.6,,0.06742564692950753,Codominant,Plaine du Saint-Laurent,2022,9509901401,9509901401002,9509901401002,,A_observed_taxonomy_reviewed,20260625,50,Top 4 species by eligible plot count; one tree per species-plot; 50 sampled per species
Érable rouge,ERR,Érable rouge,Acer rubrum,Acer,Sapindaceae,13.2,15.6,,0.01368477759903714,Intermédiaire,Collines du lac Nominingue,2020,9700902502,9700902502049,9700902502049,,A_observed_taxonomy_reviewed,20260625,50,Top 4 species by eligible plot count; one tree per species-plot; 50 sampled per species
Sapin baumier,SAB,Sapin baumier,Abies balsamea,Abies,Pinaceae,9.9,7.8,27,0.007697687399458391,Intermédiaire,Collines de l'Outaouais et du Témiscamingue,2017,1700500501,1700500501030,1700500501030,,A_observed_taxonomy_reviewed,20260625,50,Top 4 species by eligible plot count; one tree per species-plot; 50 sampled per species
Sapin baumier,SAB,Sapin baumier,Abies balsamea,Abies,Pinaceae,15.7,15,36,0.019359279329583704,Codominant,Collines de l'Outaouais et du Témiscamingue,2017,1700506904,1700506904027,1700506904027,,A_observed_taxonomy_reviewed,20260625,50,Top 4 species by eligible plot count; one tree per species-plot; 50 sampled per species
Sapin baumier,SAB,Sapin baumier,Abies balsamea,Abies,Pinaceae,14.9,12.9,64,0.017436624625586747,Intermédiaire,Coteaux du réservoir Cabonga,2017,1700708503,1700708503040,1700708503040,,A_observed_taxonomy_reviewed,20260625,50,Top 4 species by eligible plot count; one tree per species-plot; 50 sampled per species
Sapin baumier,SAB,Sapin baumier,Abies balsamea,Abies,Pinaceae,10.1,8.1,19,0.008011846664817369,Codominant,Massif du lac Jacques-Cartier,2017,1701009604,1701009604040,1701009604040,,A_observed_taxonomy_reviewed,20260625,50,Top 4 species by eligible plot count; one tree per species-plot; 50 sampled per species
Sapin baumier,SAB,Sapin baumier,Abies balsamea,Abies,Pinaceae,9.5,7.5,20,0.007088218424661971,Opprimé,Massif du lac Jacques-Cartier,2017,1701013702,1701013702019,1701013702019,,A_observed_taxonomy_reviewed,20260625,50,Top 4 species by eligible plot count; one tree per species-plot; 50 sampled per species
Sapin baumier,SAB,Sapin baumier,Abies balsamea,Abies,Pinaceae,12.1,10.3,18,0.01149901451030204,Codominant,Collines du moyen Saint-Maurice,2017,1701105602,1701105602022,1701105602022,,A_observed_taxonomy_reviewed,20260625,50,Top 4 species by eligible plot count; one tree per species-plot; 50 sampled per species
Sapin baumier,SAB,Sapin baumier,Abies balsamea,Abies,Pinaceae,14.5,7.7,54,0.01651299638543135,Codominant,Massif du lac Jacques-Cartier,2017,1701108404,1701108404006,1701108404006,,A_observed_taxonomy_reviewed,20260625,50,Top 4 species by eligible plot count; one tree per species-plot; 50 sampled per species
Sapin baumier,SAB,Sapin baumier,Abies balsamea,Abies,Pinaceae,16,13.4,68,0.020106192982974676,Codominant,Massif du lac Jacques-Cartier,2017,1701108503,1701108503078,1701108503078,,A_observed_taxonomy_reviewed,20260625,50,Top 4 species by eligible plot count; one tree per species-plot; 50 sampled per species
Sapin baumier,SAB,Sapin baumier,Abies balsamea,Abies,Pinaceae,10.4,10.1,26,0.008494866535306803,Codominant,Massif du lac Jacques-Cartier,2017,1701202102,1701202102033,1701202102033,,A_observed_taxonomy_reviewed,20260625,50,Top 4 species by eligible plot count; one tree per species-plot; 50 sampled per species
Sapin baumier,SAB,Sapin baumier,Abies balsamea,Abies,Pinaceae,22.9,18,58,0.04118706508672558,Codominant,Hautes collines de Charlevoix et du Saguenay,2017,1701213103,1701213103033,1701213103033,,A_observed_taxonomy_reviewed,20260625,50,Top 4 species by eligible plot count; one tree per species-plot; 50 sampled per species
Sapin baumier,SAB,Sapin baumier,Abies balsamea,Abies,Pinaceae,12.9,10.1,67,0.013069810837096936,Opprimé,Collines de l'Outaouais et du Témiscamingue,2017,1706701801,1706701801014,1706701801014,,A_observed_taxonomy_reviewed,20260625,50,Top 4 species by eligible plot count; one tree per species-plot; 50 sampled per species
Sapin baumier,SAB,Sapin baumier,Abies balsamea,Abies,Pinaceae,10.4,10.3,31,0.008494866535306803,Codominant,Collines des moyennes Appalaches,2019,1900102501,1900102501003,1900102501003,,A_observed_taxonomy_reviewed,20260625,50,Top 4 species by eligible plot count; one tree per species-plot; 50 sampled per species
Sapin baumier,SAB,Sapin baumier,Abies balsamea,Abies,Pinaceae,11.7,8.9,18,0.010751315458747667,Codominant,Côte de la baie des Chaleurs,2019,1900503402,1900503402004,1900503402004,,A_observed_taxonomy_reviewed,20260625,50,Top 4 species by eligible plot count; one tree per species-plot; 50 sampled per species
Sapin baumier,SAB,Sapin baumier,Abies balsamea,Abies,Pinaceae,12.1,16.3,49,0.01149901451030204,Codominant,Côte de la baie des Chaleurs,2019,1900515801,1900515801041,1900515801041,,A_observed_taxonomy_reviewed,20260625,50,Top 4 species by eligible plot count; one tree per species-plot; 50 sampled per species
Sapin baumier,SAB,Sapin baumier,Abies balsamea,Abies,Pinaceae,25.9,21.7,93,0.05268529419886423,Codominant,Côte de la baie des Chaleurs,2019,1900519804,1900519804023,1900519804023,,A_observed_taxonomy_reviewed,20260625,50,Top 4 species by eligible plot count; one tree per species-plot; 50 sampled per species
Sapin baumier,SAB,Sapin baumier,Abies balsamea,Abies,Pinaceae,12.3,10.9,35,0.011882288814039998,Codominant,Côte gaspésienne,2019,1900607803,1900607803011,1900607803011,,A_observed_taxonomy_reviewed,20260625,50,Top 4 species by eligible plot count; one tree per species-plot; 50 sampled per species
Sapin baumier,SAB,Sapin baumier,Abies balsamea,Abies,Pinaceae,18.6,13.9,25,0.027171634860898127,Codominant,Collines des moyennes Appalaches,2019,1900706903,1900706903022,1900706903022,,A_observed_taxonomy_reviewed,20260625,50,Top 4 species by eligible plot count; one tree per species-plot; 50 sampled per species
Sapin baumier,SAB,Sapin baumier,Abies balsamea,Abies,Pinaceae,16.1,12.7,27,0.02035830579342526,Codominant,Haut massif gaspésien,2019,1901800804,1901800804059,1901800804059,,A_observed_taxonomy_reviewed,20260625,50,Top 4 species by eligible plot count; one tree per species-plot; 50 sampled per species
Sapin baumier,SAB,Sapin baumier,Abies balsamea,Abies,Pinaceae,25.3,18.5,73,0.05027255104090726,Codominant,Massif gaspésien,2019,1901803602,1901803602034,1901803602034,,A_observed_taxonomy_reviewed,20260625,50,Top 4 species by eligible plot count; one tree per species-plot; 50 sampled per species
Sapin baumier,SAB,Sapin baumier,Abies balsamea,Abies,Pinaceae,12.3,10,33,0.011882288814039998,Codominant,Collines de l'Outaouais et du Témiscamingue,2020,2000405701,2000405701004,2000405701004,,A_observed_taxonomy_reviewed,20260625,50,Top 4 species by eligible plot count; one tree per species-plot; 50 sampled per species
Sapin baumier,SAB,Sapin baumier,Abies balsamea,Abies,Pinaceae,11.4,8.4,63,0.010207034531513238,Intermédiaire,Collines de l'Outaouais et du Témiscamingue,2020,2000410201,2000410201051,2000410201051,,A_observed_taxonomy_reviewed,20260625,50,Top 4 species by eligible plot count; one tree per species-plot; 50 sampled per species
Sapin baumier,SAB,Sapin baumier,Abies balsamea,Abies,Pinaceae,15.3,16.9,61,0.018385385606970867,Codominant,Collines de l'Outaouais et du Témiscamingue,2020,2000414703,2000414703020,2000414703020,,A_observed_taxonomy_reviewed,20260625,50,Top 4 species by eligible plot count; one tree per species-plot; 50 sampled per species
Sapin baumier,SAB,Sapin baumier,Abies balsamea,Abies,Pinaceae,10,9.6,62,0.007853981633974483,Intermédiaire,Coteaux du réservoir Cabonga,2020,2000605304,2000605304029,2000605304029,,A_observed_taxonomy_reviewed,20260625,50,Top 4 species by eligible plot count; one tree per species-plot; 50 sampled per species
Sapin baumier,SAB,Sapin baumier,Abies balsamea,Abies,Pinaceae,9.2,12.8,35,0.006647610054996002,Intermédiaire,Plaines et coteaux du lac Simard,2020,2000802603,2000802603049,2000802603049,,A_observed_taxonomy_reviewed,20260625,50,Top 4 species by eligible plot count; one tree per species-plot; 50 sampled per species
Sapin baumier,SAB,Sapin baumier,Abies balsamea,Abies,Pinaceae,10.8,9.4,55,0.009160884177867838,Intermédiaire,Plaines et coteaux du lac Simard,2020,2000802803,2000802803015,2000802803015,,A_observed_taxonomy_reviewed,20260625,50,Top 4 species by eligible plot count; one tree per species-plot; 50 sampled per species
Sapin baumier,SAB,Sapin baumier,Abies balsamea,Abies,Pinaceae,11.4,11.3,27,0.010207034531513238,Intermédiaire,Coteaux du réservoir Cabonga,2020,2001004804,2001004804003,2001004804003,,A_observed_taxonomy_reviewed,20260625,50,Top 4 species by eligible plot count; one tree per species-plot; 50 sampled per species
Sapin baumier,SAB,Sapin baumier,Abies balsamea,Abies,Pinaceae,14.6,11.1,37,0.016741547250980007,Intermédiaire,Plaines et coteaux du lac Simard,2020,2002300703,2002300703023,2002300703023,,A_observed_taxonomy_reviewed,20260625,50,Top 4 species by eligible plot count; one tree per species-plot; 50 sampled per species
Sapin baumier,SAB,Sapin baumier,Abies balsamea,Abies,Pinaceae,11.9,12.4,37,0.011122023391871266,Codominant,Plaine de l'Abitibi,2021,2100100102,2100100102049,2100100102049,,A_observed_taxonomy_reviewed,20260625,50,Top 4 species by eligible plot count; one tree per species-plot; 50 sampled per species
Sapin baumier,SAB,Sapin baumier,Abies balsamea,Abies,Pinaceae,9.1,8.3,66,0.00650388219109427,Intermédiaire,Plaine de l'Abitibi,2021,2100513802,2100513802034,2100513802034,,A_observed_taxonomy_reviewed,20260625,50,Top 4 species by eligible plot count; one tree per species-plot; 50 sampled per species
Sapin baumier,SAB,Sapin baumier,Abies balsamea,Abies,Pinaceae,20.4,12.6,34,0.0326851299679482,Codominant,Collines du moyen Saint-Maurice,2021,2100801703,2100801703008,2100801703008,,A_observed_taxonomy_reviewed,20260625,50,Top 4 species by eligible plot count; one tree per species-plot; 50 sampled per species
Sapin baumier,SAB,Sapin baumier,Abies balsamea,Abies,Pinaceae,16.9,12.4,28,0.022431756944794518,Codominant,Hautes collines du bas Saint-Maurice,2021,2101004102,2101004102053,2101004102053,,A_observed_taxonomy_reviewed,20260625,50,Top 4 species by eligible plot count; one tree per species-plot; 50 sampled per species
Sapin baumier,SAB,Sapin baumier,Abies balsamea,Abies,Pinaceae,16.1,12.7,87,0.02035830579342526,Codominant,Hautes collines du bas Saint-Maurice,2021,2101104701,2101104701007,2101104701007,,A_observed_taxonomy_reviewed,20260625,50,Top 4 species by eligible plot count; one tree per species-plot; 50 sampled per species
Sapin baumier,SAB,Sapin baumier,Abies balsamea,Abies,Pinaceae,13.3,8.5,15,0.013892908112337465,Codominant,Coteaux des basses Appalaches,2022,2107703001,2107703001016,2107703001016,,A_observed_taxonomy_reviewed,20260625,50,Top 4 species by eligible plot count; one tree per species-plot; 50 sampled per species
Sapin baumier,SAB,Sapin baumier,Abies balsamea,Abies,Pinaceae,11.1,11,49,0.00967689077121996,Intermédiaire,Collines du moyen Saint-Maurice,2022,2200235904,2200235904025,2200235904025,,A_observed_taxonomy_reviewed,20260625,50,Top 4 species by eligible plot count; one tree per species-plot; 50 sampled per species
Sapin baumier,SAB,Sapin baumier,Abies balsamea,Abies,Pinaceae,12.4,15,54,0.012076282160399163,Codominant,Collines du moyen Saint-Maurice,2022,2200337003,2200337003042,2200337003042,,A_observed_taxonomy_reviewed,20260625,50,Top 4 species by eligible plot count; one tree per species-plot; 50 sampled per species
Sapin baumier,SAB,Sapin baumier,Abies balsamea,Abies,Pinaceae,16.2,12.3,45,0.020611989400202632,Intermédiaire,Collines du moyen Saint-Maurice,2022,2200469201,2200469201002,2200469201002,,A_observed_taxonomy_reviewed,20260625,50,Top 4 species by eligible plot count; one tree per species-plot; 50 sampled per species
Sapin baumier,SAB,Sapin baumier,Abies balsamea,Abies,Pinaceae,15.7,13.4,42,0.019359279329583704,Intermédiaire,Coteaux des basses Appalaches,2022,2201213103,2201213103002,2201213103002,,A_observed_taxonomy_reviewed,20260625,50,Top 4 species by eligible plot count; one tree per species-plot; 50 sampled per species
Sapin baumier,SAB,Sapin baumier,Abies balsamea,Abies,Pinaceae,10.5,13.6,65,0.008659014751456867,Intermédiaire,Hautes collines du bas Saint-Maurice,2023,2300118302,2300118302017,2300118302017,,A_observed_taxonomy_reviewed,20260625,50,Top 4 species by eligible plot count; one tree per species-plot; 50 sampled per species
Sapin baumier,SAB,Sapin baumier,Abies balsamea,Abies,Pinaceae,13,15.5,40,0.013273228961416878,Codominant,Hautes collines du bas Saint-Maurice,2023,2300227304,2300227304015,2300227304015,,A_observed_taxonomy_reviewed,20260625,50,Top 4 species by eligible plot count; one tree per species-plot; 50 sampled per species
Sapin baumier,SAB,Sapin baumier,Abies balsamea,Abies,Pinaceae,11.7,13.5,35,0.010751315458747667,Intermédiaire,Hautes collines du bas Saint-Maurice,2023,2300230102,2300230102010,2300230102010,,A_observed_taxonomy_reviewed,20260625,50,Top 4 species by eligible plot count; one tree per species-plot; 50 sampled per species
Sapin baumier,SAB,Sapin baumier,Abies balsamea,Abies,Pinaceae,13.2,11.1,38,0.01368477759903714,Codominant,Massif du lac Jacques-Cartier,2023,2300919503,2300919503104,2300919503104,,A_observed_taxonomy_reviewed,20260625,50,Top 4 species by eligible plot count; one tree per species-plot; 50 sampled per species
Sapin baumier,SAB,Sapin baumier,Abies balsamea,Abies,Pinaceae,11.4,8.3,35,0.010207034531513238,Opprimé,Hautes collines du bas Saint-Maurice,2023,2301442902,2301442902025,2301442902025,,A_observed_taxonomy_reviewed,20260625,50,Top 4 species by eligible plot count; one tree per species-plot; 50 sampled per species
Sapin baumier,SAB,Sapin baumier,Abies balsamea,Abies,Pinaceae,11.2,8.7,61,0.00985203456165759,Opprimé,Collines du haut Saint-Maurice,2024,2400322004,2400322004012,2400322004012,,A_observed_taxonomy_reviewed,20260625,50,Top 4 species by eligible plot count; one tree per species-plot; 50 sampled per species
Sapin baumier,SAB,Sapin baumier,Abies balsamea,Abies,Pinaceae,11.8,7.4,50,0.010935884027146072,Intermédiaire,Massif des montagnes Blanches,2024,2400408804,2400408804029,2400408804029,,A_observed_taxonomy_reviewed,20260625,50,Top 4 species by eligible plot count; one tree per species-plot; 50 sampled per species
Sapin baumier,SAB,Sapin baumier,Abies balsamea,Abies,Pinaceae,15.1,15.3,63,0.017907863523625216,Codominant,Collines qui ceinturent le lac Saint-Jean,2024,2400930901,2400930901026,2400930901026,,A_observed_taxonomy_reviewed,20260625,50,Top 4 species by eligible plot count; one tree per species-plot; 50 sampled per species
Sapin baumier,SAB,Sapin baumier,Abies balsamea,Abies,Pinaceae,23.1,14.8,51,0.04190963139705124,Codominant,Coteaux du réservoir Cabonga,2018,7209905002,7209905002048,7209905002048,,A_observed_taxonomy_reviewed,20260625,50,Top 4 species by eligible plot count; one tree per species-plot; 50 sampled per species
Sapin baumier,SAB,Sapin baumier,Abies balsamea,Abies,Pinaceae,13.4,13.2,35,0.014102609421964583,Codominant,Plaines et coteaux du lac Simard,2018,7501703702,7501703702045,7501703702045,,A_observed_taxonomy_reviewed,20260625,50,Top 4 species by eligible plot count; one tree per species-plot; 50 sampled per species
Sapin baumier,SAB,Sapin baumier,Abies balsamea,Abies,Pinaceae,9.8,6.5,32,0.0075429639612690945,Opprimé,Coteaux du réservoir Gouin,2018,7509400301,7509400301072,7509400301072,,A_observed_taxonomy_reviewed,20260625,50,Top 4 species by eligible plot count; one tree per species-plot; 50 sampled per species
Sapin baumier,SAB,Sapin baumier,Abies balsamea,Abies,Pinaceae,10.8,7.1,16,0.009160884177867838,Opprimé,Hautes collines du bas Saint-Maurice,2019,7601804602,7601804602084,7601804602084,,A_observed_taxonomy_reviewed,20260625,50,Top 4 species by eligible plot count; one tree per species-plot; 50 sampled per species
Sapin baumier,SAB,Sapin baumier,Abies balsamea,Abies,Pinaceae,12,9.6,27,0.011309733552923255,Codominant,Massif du lac Jacques-Cartier,2016,9203622602,9203622602019,9203622602019,,A_observed_taxonomy_reviewed,20260625,50,Top 4 species by eligible plot count; one tree per species-plot; 50 sampled per species
