maison_id,municipalite,arrondissement_code,voisinage_code,superficie_terrain_m2,aire_etages_m2,nombre_etages_max,annee_construction,annee_construction_statut,lien_physique_code,lien_physique,genre_construction_code,nombre_logements,valeur_terrain_cad,valeur_batiment_cad,valeur_fonciere_cad,date_reference_marche,annee_role,annee_extraction
MQ-0001,Québec,REQ05,5575,717.7,109.3,1,1976,Réelle,1,Détaché,1,1,179000,192000,371000,2023-07-01,2025,2026
MQ-0002,Québec,REQ05,5585,804.5,160.4,1,1975,Réelle,1,Détaché,4,1,181000,319000,500000,2023-07-01,2025,2026
MQ-0003,Québec,REQ05,6649,538.8,102.6,1,1973,Réelle,1,Détaché,1,1,184000,214000,398000,2023-07-01,2025,2026
MQ-0004,Québec,REQ05,6649,635.4,92.9,1,1955,Réelle,1,Détaché,1,1,202000,147000,349000,2023-07-01,2025,2026
MQ-0005,Québec,REQ05,5580,716.6,146.1,1,2002,Réelle,1,Détaché,1,1,172000,322000,494000,2023-07-01,2025,2026
MQ-0006,Québec,REQ05,5211,460.9,84.1,1,1988,Réelle,1,Détaché,1,1,161000,215000,376000,2023-07-01,2025,2026
MQ-0007,Québec,REQ05,5213,359.5,74.7,1,1985,Réelle,1,Détaché,2,1,140000,155000,295000,2023-07-01,2025,2026
MQ-0008,Québec,REQ05,5262,330,61.3,1,1992,Réelle,2,Jumelé,1,1,106000,168000,274000,2023-07-01,2025,2026
MQ-0009,Québec,REQ05,5311,693.6,119.7,1,1989,Réelle,1,Détaché,5,1,178000,275000,453000,2023-07-01,2025,2026
MQ-0010,Québec,REQ05,5248,805,127.8,2,1989,Réelle,1,Détaché,5,1,186000,228000,414000,2023-07-01,2025,2026
MQ-0011,Québec,REQ05,5248,620.9,78.1,1,1988,Réelle,1,Détaché,2,1,173000,161000,334000,2023-07-01,2025,2026
MQ-0012,Québec,REQ05,5248,601.6,102.3,1,1988,Réelle,1,Détaché,2,1,172000,220000,392000,2023-07-01,2025,2026
MQ-0013,Québec,REQ05,5508,369.9,100.6,1,1964,Réelle,1,Détaché,1,1,129000,163000,292000,2023-07-01,2025,2026
MQ-0014,Québec,REQ05,5538,323.8,106.5,2,1978,Réelle,2,Jumelé,5,1,106000,163000,269000,2023-07-01,2025,2026
MQ-0015,Québec,REQ05,5212,789.7,93.4,1,1978,Réelle,1,Détaché,1,1,185000,192000,377000,2023-07-01,2025,2026
MQ-0016,Québec,REQ05,5215,512.1,93.7,1,1991,Réelle,1,Détaché,2,1,166000,189000,355000,2023-07-01,2025,2026
MQ-0017,Québec,REQ05,5215,603.9,137.3,2,1992,Réelle,1,Détaché,5,1,172000,243000,415000,2023-07-01,2025,2026
MQ-0018,Québec,REQ05,5215,664.2,140.8,2,1991,Réelle,1,Détaché,5,1,176000,242000,418000,2023-07-01,2025,2026
MQ-0019,Québec,REQ05,5224,594.2,71.4,1,1960,Réelle,1,Détaché,1,1,140000,99000,239000,2023-07-01,2025,2026
MQ-0020,Québec,REQ05,5220,627.1,96.6,1,1976,Réelle,1,Détaché,1,1,174000,160000,334000,2023-07-01,2025,2026
MQ-0021,Québec,REQ05,5260,743.2,104.7,1,1976,Réelle,1,Détaché,1,1,148000,166000,314000,2023-07-01,2025,2026
MQ-0022,Québec,REQ05,5256,470,143,2,1989,Réelle,1,Détaché,5,1,163000,239000,402000,2023-07-01,2025,2026
MQ-0023,Québec,REQ05,5325,603.4,88.4,1,1986,Réelle,1,Détaché,1,1,172000,201000,373000,2023-07-01,2025,2026
MQ-0024,Québec,REQ05,5325,497,102.3,1,1980,Réelle,1,Détaché,2,1,165000,317000,482000,2023-07-01,2025,2026
MQ-0025,Québec,REQ05,5335,662.4,90.6,1,1977,Réelle,1,Détaché,1,1,165000,166000,331000,2023-07-01,2025,2026
MQ-0026,Québec,REQ05,5255,873.7,99.2,1,1971,Réelle,1,Détaché,1,1,156000,127000,283000,2023-07-01,2025,2026
MQ-0027,Québec,REQ05,5325,586.6,88.4,1,1995,Réelle,1,Détaché,1,1,171000,187000,358000,2023-07-01,2025,2026
MQ-0028,Québec,REQ05,5325,433.6,116.2,2,1996,Réelle,1,Détaché,5,1,152000,199000,351000,2023-07-01,2025,2026
MQ-0029,Québec,REQ05,5325,458,81,1,1995,Réelle,1,Détaché,1,1,160000,194000,354000,2023-07-01,2025,2026
MQ-0030,Québec,REQ05,5325,535.4,108.3,1,1997,Réelle,1,Détaché,1,1,167000,236000,403000,2023-07-01,2025,2026
MQ-0031,Québec,REQ05,5511,441.3,87,1,1958,Réelle,1,Détaché,1,1,148000,99000,247000,2023-07-01,2025,2026
MQ-0032,Québec,REQ05,5129,694.1,153.7,2,1890,Réelle,1,Détaché,5,1,142000,215000,357000,2023-07-01,2025,2026
MQ-0033,Québec,REQ05,5155,742,97.5,1,1977,Réelle,1,Détaché,1,1,166000,195000,361000,2023-07-01,2025,2026
MQ-0034,Québec,REQ05,5137,1148.6,156.1,2,1910,Réelle,1,Détaché,5,1,186000,147000,333000,2023-07-01,2025,2026
MQ-0035,Québec,REQ05,5137,396.8,107.7,2,1945,Réelle,1,Détaché,5,1,123000,158000,281000,2023-07-01,2025,2026
MQ-0036,Québec,REQ05,5155,743.2,90.6,1,1978,Réelle,1,Détaché,1,1,150000,140000,290000,2023-07-01,2025,2026
MQ-0037,Québec,REQ05,5161,334.5,90.3,1,1978,Réelle,2,Jumelé,1,1,106000,165000,271000,2023-07-01,2025,2026
MQ-0038,Québec,REQ05,5161,688.7,79.3,1,1985,Réelle,2,Jumelé,1,1,119000,192000,311000,2023-07-01,2025,2026
MQ-0039,Québec,REQ05,5218,201.7,69.5,1,1982,Réelle,4,"En rangée, plusieurs côtés",1,1,80000,163000,243000,2023-07-01,2025,2026
MQ-0040,Québec,REQ05,5218,343.7,98.1,2,1980,Réelle,2,Jumelé,5,1,107000,151000,258000,2023-07-01,2025,2026
MQ-0041,Québec,REQ05,5220,761.3,87.1,1,1976,Réelle,1,Détaché,1,1,183000,155000,338000,2023-07-01,2025,2026
MQ-0042,Québec,REQ05,5244,878.9,109.9,1,1973,Réelle,1,Détaché,1,1,183000,179000,362000,2023-07-01,2025,2026
MQ-0043,Québec,REQ05,5236,650.3,104.7,1,1973,Réelle,1,Détaché,1,1,143000,182000,325000,2023-07-01,2025,2026
MQ-0044,Québec,REQ05,5230,502.9,90.5,1,1991,Réelle,1,Détaché,1,1,165000,168000,333000,2023-07-01,2025,2026
MQ-0045,Québec,REQ05,5219,379.5,105.3,2,1983,Réelle,2,Jumelé,5,1,101000,139000,240000,2023-07-01,2025,2026
MQ-0046,Québec,REQ05,5701,398.2,90.3,1,1994,Réelle,1,Détaché,1,1,139000,205000,344000,2023-07-01,2025,2026
MQ-0047,Québec,REQ05,5252,585.3,101,1,1976,Réelle,1,Détaché,1,1,163000,235000,398000,2023-07-01,2025,2026
MQ-0048,Québec,REQ05,5266,873.3,104.7,1,1995,Réelle,1,Détaché,1,1,156000,268000,424000,2023-07-01,2025,2026
MQ-0049,Québec,REQ05,5242,462,125.5,2,2001,Réelle,1,Détaché,5,1,154000,296000,450000,2023-07-01,2025,2026
MQ-0050,Québec,REQ05,5712,731.7,96.6,1,1984,Réelle,1,Détaché,1,1,161000,206000,367000,2023-07-01,2025,2026
MQ-0051,Québec,REQ05,5242,505.9,146.5,2,1996,Réelle,1,Détaché,5,1,158000,268000,426000,2023-07-01,2025,2026
MQ-0052,Québec,REQ05,5704,529.2,65.4,1,1969,Réelle,1,Détaché,1,1,159000,163000,322000,2023-07-01,2025,2026
MQ-0053,Québec,REQ05,5701,334.5,75.8,1,1993,Réelle,2,Jumelé,1,1,107000,149000,256000,2023-07-01,2025,2026
MQ-0054,Québec,REQ05,5712,427.3,102.2,2,1978,Réelle,2,Jumelé,5,1,99000,176000,275000,2023-07-01,2025,2026
MQ-0055,Québec,REQ05,5728,881,114.2,1,1972,Réelle,1,Détaché,2,1,163000,174000,337000,2023-07-01,2025,2026
MQ-0056,Québec,REQ05,5731,281.7,96.4,2,1994,Réelle,2,Jumelé,5,1,87000,175000,262000,2023-07-01,2025,2026
MQ-0057,Québec,REQ05,5712,758.1,88.3,1,1977,Réelle,1,Détaché,1,1,162000,198000,360000,2023-07-01,2025,2026
MQ-0058,Québec,REQ05,5745,526.7,123.7,1,1989,Réelle,1,Détaché,2,1,147000,213000,360000,2023-07-01,2025,2026
MQ-0059,Québec,REQ05,9916,890.9,82.4,1,1975,Réelle,1,Détaché,1,1,43000,189000,232000,2023-07-01,2025,2026
MQ-0060,Québec,REQ05,5133,402.9,148.3,2,1930,Réelle,1,Détaché,5,1,129000,227000,356000,2023-07-01,2025,2026
MQ-0061,Québec,REQ05,5153,527.3,97.8,1,1960,Réelle,1,Détaché,1,1,154000,96000,250000,2023-07-01,2025,2026
MQ-0062,Québec,REQ05,5141,708.9,117,1,1973,Réelle,1,Détaché,1,1,166000,210000,376000,2023-07-01,2025,2026
MQ-0063,Québec,REQ05,5153,870.7,104.1,1,1979,Réelle,1,Détaché,1,1,159000,173000,332000,2023-07-01,2025,2026
MQ-0064,Québec,REQ05,5153,594.2,80.8,1,1972,Réelle,1,Détaché,1,1,158000,133000,291000,2023-07-01,2025,2026
MQ-0065,Québec,REQ05,5216,574.9,158.1,2,1988,Réelle,1,Détaché,5,1,170000,315000,485000,2023-07-01,2025,2026
MQ-0066,Québec,REQ05,5216,662.9,94.1,1,1990,Réelle,1,Détaché,1,1,176000,190000,366000,2023-07-01,2025,2026
MQ-0067,Québec,REQ05,5119,708.4,121.2,1,1958,Réelle,1,Détaché,1,1,175000,182000,357000,2023-07-01,2025,2026
MQ-0068,Québec,REQ05,5119,740.3,156.4,1,1959,Réelle,1,Détaché,1,1,177000,175000,352000,2023-07-01,2025,2026
MQ-0069,Québec,REQ05,5814,484.8,90.6,1,1971,Réelle,1,Détaché,1,1,159000,150000,309000,2023-07-01,2025,2026
MQ-0070,Québec,REQ05,5814,810.9,96.6,1,1974,Réelle,1,Détaché,1,1,181000,153000,334000,2023-07-01,2025,2026
MQ-0071,Québec,REQ05,5426,557.5,89.7,1,1988,Réelle,1,Détaché,1,1,152000,216000,368000,2023-07-01,2025,2026
MQ-0072,Québec,REQ05,5426,695.8,128.2,2,1998,Réelle,1,Détaché,5,1,161000,312000,473000,2023-07-01,2025,2026
MQ-0073,Québec,REQ05,5858,977.7,134.1,1,1979,Réelle,1,Détaché,4,1,152000,254000,406000,2023-07-01,2025,2026
MQ-0074,Québec,REQ05,5866,485.2,88.6,1,1988,Réelle,1,Détaché,2,1,148000,185000,333000,2023-07-01,2025,2026
MQ-0075,Québec,REQ05,5860,509.9,92.9,1,1985,Réelle,1,Détaché,1,1,149000,222000,371000,2023-07-01,2025,2026
MQ-0076,Québec,REQ05,5460,480.5,107,1,1991,Réelle,1,Détaché,1,1,147000,211000,358000,2023-07-01,2025,2026
MQ-0077,Québec,REQ05,5642,160.7,115.5,1,1910,Réelle,1,Détaché,4,1,72000,130000,202000,2023-07-01,2025,2026
MQ-0078,Québec,REQ05,5620,112.2,145.7,2,1927,Réelle,1,Détaché,5,1,65000,121000,186000,2023-07-01,2025,2026
MQ-0079,Québec,REQ05,5620,236.4,127.9,2,1870,Réelle,2,Jumelé,5,1,82000,169000,251000,2023-07-01,2025,2026
MQ-0080,Québec,REQ05,5446,650.3,92.9,1,1975,Réelle,1,Détaché,1,1,158000,157000,315000,2023-07-01,2025,2026
MQ-0081,Québec,REQ05,5434,672,165.5,1,1974,Réelle,1,Détaché,1,1,162000,216000,378000,2023-07-01,2025,2026
MQ-0082,Québec,REQ05,5454,704.8,89.2,1,1958,Réelle,1,Détaché,1,1,186000,109000,295000,2023-07-01,2025,2026
MQ-0083,Québec,REQ06,7313,645.9,91.8,1,1958,Réelle,1,Détaché,1,1,149000,159000,308000,2023-07-01,2025,2026
MQ-0084,Québec,REQ06,7355,485.7,109.2,2,1968,Réelle,2,Jumelé,5,1,120000,134000,254000,2023-07-01,2025,2026
MQ-0085,Québec,REQ06,7331,725.8,85.9,1,1972,Réelle,1,Détaché,1,1,180000,153000,333000,2023-07-01,2025,2026
MQ-0086,Québec,REQ06,7331,850.5,101.4,1,1963,Réelle,1,Détaché,1,1,188000,168000,356000,2023-07-01,2025,2026
MQ-0087,Québec,REQ06,7331,433.6,101,2,1972,Réelle,2,Jumelé,5,1,122000,157000,279000,2023-07-01,2025,2026
MQ-0088,Québec,REQ06,7348,631.3,92.9,1,1969,Réelle,1,Détaché,1,1,174000,142000,316000,2023-07-01,2025,2026
MQ-0089,Québec,REQ06,7330,577.2,105.3,1,1969,Réelle,1,Détaché,1,1,171000,186000,357000,2023-07-01,2025,2026
MQ-0090,Québec,REQ06,7330,464.5,95.9,1,1955,Réelle,1,Détaché,1,1,163000,140000,303000,2023-07-01,2025,2026
MQ-0091,Québec,REQ06,7332,816.6,92.9,1,1970,Réelle,1,Détaché,1,1,179000,174000,353000,2023-07-01,2025,2026
MQ-0092,Québec,REQ06,7347,479.7,192.4,1,1946,Réelle,1,Détaché,4,1,148000,178000,326000,2023-07-01,2025,2026
MQ-0093,Québec,REQ06,7322,523.79,95.8,1,1961,Réelle,1,Détaché,1,1,171000,153000,324000,2023-07-01,2025,2026
MQ-0094,Québec,REQ06,7322,515.1,138.3,2,1947,Réelle,1,Détaché,5,1,171000,125000,296000,2023-07-01,2025,2026
MQ-0095,Québec,REQ06,7322,558.53,80.3,1,1972,Réelle,1,Détaché,1,1,173000,162000,335000,2023-07-01,2025,2026
MQ-0096,Québec,REQ06,7322,557.42,80.3,1,1972,Réelle,1,Détaché,1,1,173000,143000,316000,2023-07-01,2025,2026
MQ-0097,Québec,REQ06,7322,560.21,103.7,1,1973,Réelle,1,Détaché,1,1,174000,223000,397000,2023-07-01,2025,2026
MQ-0098,Québec,REQ06,7320,898.93,89.2,1,1970,Réelle,1,Détaché,1,1,176000,142000,318000,2023-07-01,2025,2026
MQ-0099,Québec,REQ06,7383,1014.32,85.9,1,1973,Réelle,1,Détaché,1,1,185000,128000,313000,2023-07-01,2025,2026
MQ-0100,Québec,REQ06,7383,554.9,85.9,1,1979,Réelle,1,Détaché,1,1,158000,130000,288000,2023-07-01,2025,2026
MQ-0101,Québec,REQ06,7380,517.01,91.8,1,1974,Réelle,1,Détaché,1,1,173000,155000,328000,2023-07-01,2025,2026
MQ-0102,Québec,REQ06,7380,615.95,109.2,1,1973,Réelle,1,Détaché,1,1,179000,110000,289000,2023-07-01,2025,2026
MQ-0103,Québec,REQ06,7380,582.5,146.3,1,1971,Réelle,1,Détaché,1,1,177000,150000,327000,2023-07-01,2025,2026
MQ-0104,Québec,REQ03,8521,550.8,163.2,2,1985,Réelle,1,Détaché,5,1,245000,350000,595000,2023-07-01,2025,2026
MQ-0105,Québec,REQ03,8576,6605.3,213.8,1,1960,Réelle,1,Détaché,4,1,315000,745000,1060000,2023-07-01,2025,2026
MQ-0106,Québec,REQ03,8512,1805.3,279.1,2,1981,Réelle,1,Détaché,5,1,374000,641000,1015000,2023-07-01,2025,2026
MQ-0107,Québec,REQ03,8521,811.5,142.7,1,1978,Réelle,1,Détaché,4,1,268000,247000,515000,2023-07-01,2025,2026
MQ-0108,Québec,REQ03,8522,760,118.2,2,1983,Réelle,1,Détaché,5,1,242000,225000,467000,2023-07-01,2025,2026
MQ-0109,Québec,REQ03,8522,620.3,139.7,1,1980,Réelle,1,Détaché,4,1,230000,262000,492000,2023-07-01,2025,2026
MQ-0110,Québec,REQ03,8522,719,218.2,2,1985,Réelle,1,Détaché,5,1,238000,312000,550000,2023-07-01,2025,2026
MQ-0111,Québec,REQ03,8522,446.4,129.9,2,1981,Réelle,2,Jumelé,5,1,154000,238000,392000,2023-07-01,2025,2026
MQ-0112,Québec,REQ03,8522,712,178.3,2,1990,Réelle,1,Détaché,5,1,238000,322000,560000,2023-07-01,2025,2026
MQ-0113,Québec,REQ03,8522,177.7,105.1,2,1993,Réelle,4,"En rangée, plusieurs côtés",5,1,87000,187000,274000,2023-07-01,2025,2026
MQ-0114,Québec,REQ03,8522,567.7,113,2,2003,Réelle,1,Détaché,5,1,204000,218000,422000,2023-07-01,2025,2026
MQ-0115,Québec,REQ03,8522,575.6,174.8,2,1988,Réelle,1,Détaché,5,1,227000,383000,610000,2023-07-01,2025,2026
MQ-0116,Québec,REQ03,8522,340,136.5,2,1993,Réelle,2,Jumelé,5,1,149000,265000,414000,2023-07-01,2025,2026
MQ-0117,Québec,REQ03,8613,549.2,92.9,1,1972,Réelle,1,Détaché,1,1,213000,255000,468000,2023-07-01,2025,2026
MQ-0118,Québec,REQ03,8613,622.5,103.9,1,1972,Réelle,1,Détaché,1,1,219000,205000,424000,2023-07-01,2025,2026
MQ-0119,Québec,REQ03,8529,812.9,111.1,1,1975,Réelle,1,Détaché,1,1,245000,166000,411000,2023-07-01,2025,2026
MQ-0120,Québec,REQ03,8529,743.2,143.9,1,1974,Réelle,1,Détaché,4,1,240000,290000,530000,2023-07-01,2025,2026
MQ-0121,Québec,REQ03,8535,1003.4,206.6,1,1976,Réelle,1,Détaché,4,1,249000,461000,710000,2023-07-01,2025,2026
MQ-0122,Québec,REQ03,8535,1003.4,119.7,1,1976,Réelle,1,Détaché,1,1,249000,202000,451000,2023-07-01,2025,2026
MQ-0123,Québec,REQ03,8536,700.8,132.3,1,1977,Réelle,1,Détaché,1,1,225000,224000,449000,2023-07-01,2025,2026
MQ-0124,Québec,REQ03,8536,301.9,144.8,2,1978,Réelle,4,"En rangée, plusieurs côtés",5,1,125000,224000,349000,2023-07-01,2025,2026
MQ-0125,Québec,REQ03,8535,1265.5,119.7,1,1977,Réelle,1,Détaché,1,1,269000,222000,491000,2023-07-01,2025,2026
MQ-0126,Québec,REQ03,8599,198.5,97.2,2,1960,Réelle,1,Détaché,5,1,182000,173000,355000,2023-07-01,2025,2026
MQ-0127,Québec,REQ03,8551,975.5,147.3,2,1962,Réelle,1,Détaché,5,1,234000,128000,362000,2023-07-01,2025,2026
MQ-0128,Québec,REQ03,8536,885.7,105.3,1,1968,Réelle,1,Détaché,1,1,239000,169000,408000,2023-07-01,2025,2026
MQ-0129,Québec,REQ03,8627,426.1,88.1,1,1978,Réelle,2,Jumelé,1,1,168000,253000,421000,2023-07-01,2025,2026
MQ-0130,Québec,REQ03,8536,824.3,115.8,1,1983,Réelle,1,Détaché,1,1,216000,214000,430000,2023-07-01,2025,2026
MQ-0131,Québec,REQ03,8627,540.5,127.8,2,1981,Réelle,2,Jumelé,5,1,152000,233000,385000,2023-07-01,2025,2026
MQ-0132,Québec,REQ05,5731,311,63.2,1,1997,Réelle,2,Jumelé,1,1,94000,170000,264000,2023-07-01,2025,2026
MQ-0133,Québec,REQ02,2019,291.1,104.9,2,1971,Réelle,3,"En rangée, un côté",5,1,90000,156000,246000,2023-07-01,2025,2026
MQ-0134,Québec,REQ02,2023,478.6,172.2,2,1990,Réelle,1,Détaché,5,1,175000,292000,467000,2023-07-01,2025,2026
MQ-0135,Québec,REQ02,2019,261.6,104.8,2,1971,Réelle,2,Jumelé,5,1,101000,197000,298000,2023-07-01,2025,2026
MQ-0136,Québec,REQ02,2911,474,117.7,2,1990,Réelle,1,Détaché,5,1,177000,240000,417000,2023-07-01,2025,2026
MQ-0137,Québec,REQ02,2909,430.1,90.9,1,1972,Réelle,2,Jumelé,1,1,121000,167000,288000,2023-07-01,2025,2026
MQ-0138,Québec,REQ02,2908,487.9,70.8,1,1985,Réelle,1,Détaché,1,1,178000,171000,349000,2023-07-01,2025,2026
MQ-0139,Québec,REQ02,2908,427.8,86.5,1,1984,Réelle,1,Détaché,1,1,169000,152000,321000,2023-07-01,2025,2026
MQ-0140,Québec,REQ02,2907,622.5,92.9,1,1973,Réelle,1,Détaché,1,1,186000,164000,350000,2023-07-01,2025,2026
MQ-0141,Québec,REQ02,2907,613.8,88.3,1,1975,Réelle,1,Détaché,1,1,185000,146000,331000,2023-07-01,2025,2026
MQ-0142,Québec,REQ02,2911,418.1,90.5,1,1972,Réelle,2,Jumelé,1,1,128000,147000,275000,2023-07-01,2025,2026
MQ-0143,Québec,REQ02,2911,456.8,76.1,1,1972,Réelle,2,Jumelé,1,1,130000,128000,258000,2023-07-01,2025,2026
MQ-0144,Québec,REQ02,2909,398,89.2,1,1971,Réelle,2,Jumelé,1,1,119000,160000,279000,2023-07-01,2025,2026
MQ-0145,Québec,REQ02,2913,2162.4,150.9,1,1850,Réelle,1,Détaché,4,1,231000,112000,343000,2023-07-01,2025,2026
MQ-0146,Québec,REQ02,2901,315.9,96.7,2,1970,Réelle,2,Jumelé,5,1,114000,125000,239000,2023-07-01,2025,2026
MQ-0147,Québec,REQ02,2941,504.1,105.3,2,1980,Réelle,2,Jumelé,5,1,125000,138000,263000,2023-07-01,2025,2026
MQ-0148,Québec,REQ02,2941,635.5,94.8,1,1979,Réelle,1,Détaché,1,1,167000,192000,359000,2023-07-01,2025,2026
MQ-0149,Québec,REQ02,2941,807.1,96,1,1946,Réelle,1,Détaché,4,1,197000,67000,264000,2023-07-01,2025,2026
MQ-0150,Québec,REQ02,2915,403.4,42.6,1,1967,Réelle,1,Détaché,1,1,144000,73000,217000,2023-07-01,2025,2026
MQ-0151,Québec,REQ02,2901,1018.1,87.8,1,1969,Réelle,1,Détaché,1,1,222000,133000,355000,2023-07-01,2025,2026
MQ-0152,Québec,REQ02,2941,1689.5,99,1,1966,Réelle,1,Détaché,1,1,224000,155000,379000,2023-07-01,2025,2026
MQ-0153,Québec,REQ01,1119,341.84,188.2,2,1992,Réelle,3,"En rangée, un côté",5,1,266000,359000,625000,2023-07-01,2025,2026
MQ-0154,Québec,REQ01,1115,382.02,117.5,1,1960,Réelle,1,Détaché,1,1,363000,162000,525000,2023-07-01,2025,2026
MQ-0155,Québec,REQ01,1131,951.3,390.8,2,1928,Réelle,1,Détaché,4,1,805000,775000,1580000,2023-07-01,2025,2026
MQ-0156,Québec,REQ01,1131,1189.2,323.1,1,1950,Réelle,1,Détaché,4,1,925000,500000,1425000,2023-07-01,2025,2026
MQ-0157,Québec,REQ01,1133,130.3,127.4,2,1924,Réelle,4,"En rangée, plusieurs côtés",5,1,205000,365000,570000,2023-07-01,2025,2026
MQ-0158,Québec,REQ01,1133,159.4,137.8,2,1924,Réelle,3,"En rangée, un côté",5,1,226000,314000,540000,2023-07-01,2025,2026
MQ-0159,Québec,REQ01,1133,111.5,109.2,2,1924,Réelle,4,"En rangée, plusieurs côtés",5,1,186000,324000,510000,2023-07-01,2025,2026
MQ-0160,Québec,REQ01,1143,101.2,108.4,2,1986,Réelle,4,"En rangée, plusieurs côtés",5,1,174000,341000,515000,2023-07-01,2025,2026
MQ-0161,Québec,REQ01,1631,260.1,108.9,1,1942,Réelle,1,Détaché,4,1,167000,89000,256000,2023-07-01,2025,2026
MQ-0162,Québec,REQ01,1512,107.1,110.5,2,1900,Réelle,4,"En rangée, plusieurs côtés",5,1,127000,282000,409000,2023-07-01,2025,2026
MQ-0163,Québec,REQ01,1512,130.9,78.7,2,1900,Réelle,1,Détaché,5,1,146000,141000,287000,2023-07-01,2025,2026
MQ-0164,Québec,REQ01,1512,266.2,188.6,2,1900,Réelle,1,Détaché,5,1,201000,314000,515000,2023-07-01,2025,2026
MQ-0165,Québec,REQ01,1510,267.4,121.3,2,1978,Réelle,1,Détaché,5,1,201000,221000,422000,2023-07-01,2025,2026
MQ-0166,Québec,REQ01,1511,126.1,82.4,2,1820,Réelle,3,"En rangée, un côté",5,1,144000,98000,242000,2023-07-01,2025,2026
MQ-0167,Québec,REQ01,1513,234,107.4,1,1935,Réelle,1,Détaché,1,1,188000,125000,313000,2023-07-01,2025,2026
MQ-0168,Québec,REQ01,1513,223.1,138.6,2,1900,Réelle,3,"En rangée, un côté",5,1,183000,264000,447000,2023-07-01,2025,2026
MQ-0169,Québec,REQ01,1513,195.5,144.2,2,1910,Réelle,1,Détaché,5,1,172000,255000,427000,2023-07-01,2025,2026
MQ-0170,Québec,REQ01,6923,483.1,147.9,2,1944,Réelle,1,Détaché,5,1,214000,431000,645000,2023-07-01,2025,2026
MQ-0171,Québec,REQ01,6636,541.7,144.9,1,1966,Réelle,1,Détaché,1,1,217000,173000,390000,2023-07-01,2025,2026
MQ-0172,Québec,REQ01,6636,464.3,85.9,1,1963,Réelle,1,Détaché,1,1,200000,160000,360000,2023-07-01,2025,2026
MQ-0173,Québec,REQ01,6648,336.7,88.3,1,1924,Réelle,1,Détaché,1,1,172000,143000,315000,2023-07-01,2025,2026
MQ-0174,Québec,REQ01,6816,379,120,1,1994,Réelle,1,Détaché,1,1,181000,263000,444000,2023-07-01,2025,2026
MQ-0175,Québec,REQ01,1728,200.5,70.3,1,1960,Réelle,1,Détaché,1,1,125000,145000,270000,2023-07-01,2025,2026
MQ-0176,Québec,REQ01,6816,371.6,142.9,1,1922,Réelle,1,Détaché,4,1,179000,144000,323000,2023-07-01,2025,2026
MQ-0177,Québec,REQ06,7709,498.9,97.8,1,1998,Réelle,1,Détaché,1,1,160000,212000,372000,2023-07-01,2025,2026
MQ-0178,Québec,REQ06,7616,688.1,156.3,2,1991,Réelle,1,Détaché,5,1,207000,348000,555000,2023-07-01,2025,2026
MQ-0179,Québec,REQ06,7711,485,89,1,1990,Réelle,1,Détaché,2,1,174000,202000,376000,2023-07-01,2025,2026
MQ-0180,Québec,REQ06,7711,479,88.3,1,1990,Réelle,1,Détaché,1,1,173000,192000,365000,2023-07-01,2025,2026
MQ-0181,Québec,REQ06,7722,488.1,100,1,1990,Réelle,1,Détaché,1,1,183000,193000,376000,2023-07-01,2025,2026
MQ-0182,Québec,REQ06,7733,516.1,98.1,1,1991,Réelle,1,Détaché,1,1,185000,188000,373000,2023-07-01,2025,2026
MQ-0183,Québec,REQ02,2763,501.7,85.9,1,1988,Réelle,1,Détaché,1,1,177000,187000,364000,2023-07-01,2025,2026
MQ-0184,Québec,REQ06,2771,172.9,56.1,1,1993,Réelle,4,"En rangée, plusieurs côtés",1,1,87000,142000,229000,2023-07-01,2025,2026
MQ-0185,Québec,REQ02,2739,220.3,104,2,1992,Réelle,2,Jumelé,5,1,104000,181000,285000,2023-07-01,2025,2026
MQ-0186,Québec,REQ02,2749,459.7,80.1,1,1988,Réelle,1,Détaché,1,1,225000,144000,369000,2023-07-01,2025,2026
MQ-0187,Québec,REQ02,2758,331.4,62,1,1991,Réelle,2,Jumelé,1,1,123000,143000,266000,2023-07-01,2025,2026
MQ-0188,Québec,REQ02,2758,618.2,157.7,2,1989,Réelle,1,Détaché,5,1,217000,241000,458000,2023-07-01,2025,2026
MQ-0189,Québec,REQ02,2749,467.5,100,1,1989,Réelle,1,Détaché,2,1,228000,233000,461000,2023-07-01,2025,2026
MQ-0190,Québec,REQ02,2215,743.4,97.5,1,1981,Réelle,1,Détaché,1,1,199000,162000,361000,2023-07-01,2025,2026
MQ-0191,Québec,REQ02,2219,1151.5,180.8,1,1920,Réelle,1,Détaché,4,1,163000,137000,300000,2023-07-01,2025,2026
MQ-0192,Québec,REQ02,2301,613.2,85.9,1,1962,Réelle,1,Détaché,1,1,203000,122000,325000,2023-07-01,2025,2026
MQ-0193,Québec,REQ02,2301,557.4,97.8,1,1965,Réelle,1,Détaché,1,1,199000,143000,342000,2023-07-01,2025,2026
MQ-0194,Québec,REQ02,2301,555.8,92.9,1,1963,Réelle,1,Détaché,1,1,199000,74000,273000,2023-07-01,2025,2026
MQ-0195,Québec,REQ02,2301,760,89.4,1,1958,Réelle,1,Détaché,1,1,214000,119000,333000,2023-07-01,2025,2026
MQ-0196,Québec,REQ02,2301,682.8,104.1,1,1959,Réelle,1,Détaché,1,1,208000,140000,348000,2023-07-01,2025,2026
MQ-0197,Québec,REQ02,2301,499.7,89.3,1,1967,Réelle,1,Détaché,2,1,194000,119000,313000,2023-07-01,2025,2026
MQ-0198,Québec,REQ02,2301,650.3,119.2,1,1957,Réelle,1,Détaché,1,1,206000,159000,365000,2023-07-01,2025,2026
MQ-0199,Québec,REQ02,2301,773.7,93.6,1,1967,Réelle,1,Détaché,1,1,215000,150000,365000,2023-07-01,2025,2026
MQ-0200,Québec,REQ02,2112,613.8,187.6,2,1992,Réelle,1,Détaché,5,1,307000,413000,720000,2023-07-01,2025,2026
MQ-0201,Québec,REQ02,2113,400.6,135.4,2,1989,Réelle,1,Détaché,5,1,203000,357000,560000,2023-07-01,2025,2026
MQ-0202,Québec,REQ02,2301,613.2,125.3,1,1958,Réelle,1,Détaché,1,1,203000,192000,395000,2023-07-01,2025,2026
MQ-0203,Québec,REQ02,2323,189.1,106.3,2,1994,Réelle,4,"En rangée, plusieurs côtés",5,1,98000,169000,267000,2023-07-01,2025,2026
MQ-0204,Québec,REQ02,2323,187.6,109.6,2,2003,Réelle,4,"En rangée, plusieurs côtés",5,1,97000,196000,293000,2023-07-01,2025,2026
MQ-0205,Québec,REQ02,2323,371.7,109.2,2,1995,Réelle,2,Jumelé,5,1,132000,173000,305000,2023-07-01,2025,2026
MQ-0206,Québec,REQ02,2323,256.6,110.4,2,2002,Réelle,2,Jumelé,5,1,122000,210000,332000,2023-07-01,2025,2026
MQ-0207,Québec,REQ02,2209,501.7,108.4,2,1986,Réelle,1,Détaché,2,1,213000,312000,525000,2023-07-01,2025,2026
MQ-0208,Québec,REQ01,6932,445.9,137.1,1,1962,Réelle,1,Détaché,1,1,195000,178000,373000,2023-07-01,2025,2026
MQ-0209,Québec,REQ01,6932,518.7,108.7,1,1960,Réelle,1,Détaché,1,1,211000,107000,318000,2023-07-01,2025,2026
MQ-0210,Québec,REQ01,6932,409.7,99.7,1,1955,Réelle,1,Détaché,1,1,187000,200000,387000,2023-07-01,2025,2026
MQ-0211,Québec,REQ01,6208,263.7,156.6,2,1947,Réelle,1,Détaché,5,1,200000,164000,364000,2023-07-01,2025,2026
MQ-0212,Québec,REQ01,6208,176.4,111.2,2,1929,Réelle,4,"En rangée, plusieurs côtés",5,1,169000,133000,302000,2023-07-01,2025,2026
MQ-0213,Québec,REQ01,6924,590.6,144,2,1936,Réelle,1,Détaché,4,1,215000,141000,356000,2023-07-01,2025,2026
MQ-0214,Québec,REQ01,6924,463.6,139.5,2,1959,Réelle,1,Détaché,5,1,209000,181000,390000,2023-07-01,2025,2026
MQ-0215,Québec,REQ06,7618,1136.6,105.2,1,1988,Réelle,1,Détaché,2,1,210000,224000,434000,2023-07-01,2025,2026
MQ-0216,Québec,REQ06,7601,759.16,97.9,1,1985,Réelle,1,Détaché,1,1,202000,179000,381000,2023-07-01,2025,2026
MQ-0217,Québec,REQ06,7601,753.4,103.2,1,1974,Réelle,1,Détaché,1,1,202000,136000,338000,2023-07-01,2025,2026
MQ-0218,Québec,REQ06,7601,735.2,147.3,2,1973,Réelle,1,Détaché,5,1,200000,248000,448000,2023-07-01,2025,2026
MQ-0219,Québec,REQ06,7605,414.46,114.4,2,1973,Réelle,2,Jumelé,5,1,127000,182000,309000,2023-07-01,2025,2026
MQ-0220,Québec,REQ06,7479,3712,112.9,1,1966,Réelle,1,Détaché,1,1,124000,170000,294000,2023-07-01,2025,2026
MQ-0221,Québec,REQ02,7720,603.9,89.6,1,1972,Réelle,1,Détaché,1,1,163000,119000,282000,2023-07-01,2025,2026
MQ-0222,Québec,REQ02,7721,518.3,122.2,1,1979,Réelle,1,Détaché,4,1,176000,222000,398000,2023-07-01,2025,2026
MQ-0223,Québec,REQ06,7717,397.3,89,1,1978,Réelle,2,Jumelé,1,1,120000,121000,241000,2023-07-01,2025,2026
MQ-0224,Québec,REQ06,7733,585.3,99,1,1962,Réelle,1,Détaché,1,1,190000,115000,305000,2023-07-01,2025,2026
MQ-0225,Québec,REQ06,7733,547.2,104.8,1,1973,Réelle,1,Détaché,1,1,187000,167000,354000,2023-07-01,2025,2026
MQ-0226,Québec,REQ06,7733,784.57,107.7,1,1972,Réelle,1,Détaché,1,1,204000,164000,368000,2023-07-01,2025,2026
MQ-0227,Québec,REQ06,7733,379.6,84,1,1984,Réelle,1,Détaché,1,1,166000,150000,316000,2023-07-01,2025,2026
MQ-0228,Québec,REQ06,7570,708.39,81.7,1,1971,Réelle,1,Détaché,1,1,167000,158000,325000,2023-07-01,2025,2026
MQ-0229,Québec,REQ06,2772,761.71,89.7,1,1976,Réelle,1,Détaché,1,1,189000,166000,355000,2023-07-01,2025,2026
MQ-0230,Québec,REQ02,2738,1010.8,90.6,1,1976,Réelle,1,Détaché,1,1,201000,175000,376000,2023-07-01,2025,2026
MQ-0231,Québec,REQ02,2763,621,130.7,2,1959,Réelle,1,Détaché,5,1,185000,153000,338000,2023-07-01,2025,2026
MQ-0232,Québec,REQ02,2763,585.8,110.5,1,1963,Réelle,1,Détaché,1,1,183000,161000,344000,2023-07-01,2025,2026
MQ-0233,Québec,REQ02,2768,747.9,93.9,1,1964,Réelle,1,Détaché,1,1,182000,140000,322000,2023-07-01,2025,2026
MQ-0234,Québec,REQ06,2771,333.89,85.9,1,1977,Réelle,2,Jumelé,1,1,117000,179000,296000,2023-07-01,2025,2026
MQ-0235,Québec,REQ02,2771,594.6,89.5,1,1967,Réelle,1,Détaché,1,1,178000,128000,306000,2023-07-01,2025,2026
MQ-0236,Québec,REQ02,2771,613.4,126.7,1,1965,Réelle,1,Détaché,4,1,179000,184000,363000,2023-07-01,2025,2026
MQ-0237,Québec,REQ03,3018,298.12,65.7,1,1984,Réelle,3,"En rangée, un côté",1,1,150000,203000,353000,2023-07-01,2025,2026
MQ-0238,Québec,REQ03,3011,918.6,153.9,2,1964,Réelle,1,Détaché,5,1,233000,188000,421000,2023-07-01,2025,2026
MQ-0239,Québec,REQ03,3017,382.2,153.2,2,1979,Réelle,3,"En rangée, un côté",5,1,142000,225000,367000,2023-07-01,2025,2026
MQ-0240,Québec,REQ03,3017,358.4,156,2,1978,Réelle,2,Jumelé,5,1,156000,242000,398000,2023-07-01,2025,2026
MQ-0241,Québec,REQ03,3022,635.9,110.4,1,1961,Réelle,1,Détaché,1,1,250000,166000,416000,2023-07-01,2025,2026
MQ-0242,Québec,REQ03,3020,357.1,119.8,2,1969,Réelle,2,Jumelé,5,1,156000,175000,331000,2023-07-01,2025,2026
MQ-0243,Québec,REQ03,3020,331.4,140.4,2,1967,Réelle,2,Jumelé,5,1,154000,243000,397000,2023-07-01,2025,2026
MQ-0244,Québec,REQ03,3020,631.7,114.7,1,1962,Réelle,1,Détaché,1,1,249000,188000,437000,2023-07-01,2025,2026
MQ-0245,Québec,REQ03,3020,532.8,126,1,1961,Réelle,1,Détaché,1,1,234000,156000,390000,2023-07-01,2025,2026
MQ-0246,Québec,REQ03,3027,477.7,98.6,2,1966,Réelle,1,Détaché,5,1,210000,135000,345000,2023-07-01,2025,2026
MQ-0247,Québec,REQ03,3027,579.3,110.5,1,1963,Réelle,1,Détaché,1,1,245000,182000,427000,2023-07-01,2025,2026
MQ-0248,Québec,REQ03,3022,603.9,110.4,1,1962,Réelle,1,Détaché,1,1,247000,174000,421000,2023-07-01,2025,2026
MQ-0249,Québec,REQ03,3022,568.6,115.1,1,1964,Réelle,1,Détaché,1,1,244000,145000,389000,2023-07-01,2025,2026
MQ-0250,Québec,REQ03,3027,611,85.9,1,1960,Réelle,1,Détaché,1,1,247000,140000,387000,2023-07-01,2025,2026
MQ-0251,Québec,REQ03,3053,590.3,114.5,1,1960,Réelle,1,Détaché,1,1,246000,157000,403000,2023-07-01,2025,2026
MQ-0252,Québec,REQ03,3053,585.3,104.5,1,1962,Réelle,1,Détaché,1,1,245000,117000,362000,2023-07-01,2025,2026
MQ-0253,Québec,REQ03,3027,643.8,101.4,1,1966,Réelle,1,Détaché,1,1,250000,138000,388000,2023-07-01,2025,2026
MQ-0254,Québec,REQ03,3038,643.2,93.7,1,1956,Réelle,1,Détaché,1,1,225000,157000,382000,2023-07-01,2025,2026
MQ-0255,Québec,REQ03,3027,576,82,1,1958,Réelle,1,Détaché,1,1,244000,119000,363000,2023-07-01,2025,2026
MQ-0256,Québec,REQ03,3038,576.4,93.7,1,1954,Réelle,1,Détaché,1,1,220000,178000,398000,2023-07-01,2025,2026
MQ-0257,Québec,REQ03,3027,460.8,114,1,1956,Réelle,1,Détaché,4,1,203000,202000,405000,2023-07-01,2025,2026
MQ-0258,Québec,REQ03,3040,646.4,102.2,1,1958,Réelle,1,Détaché,1,1,257000,196000,453000,2023-07-01,2025,2026
MQ-0259,Québec,REQ03,3044,781.3,96.6,1,1955,Réelle,1,Détaché,2,1,283000,64000,347000,2023-07-01,2025,2026
MQ-0260,Québec,REQ03,3012,899.7,193.6,1,1968,Réelle,1,Détaché,4,1,409000,276000,685000,2023-07-01,2025,2026
MQ-0261,Québec,REQ03,3012,752.5,149.4,1,1959,Réelle,1,Détaché,1,1,394000,281000,675000,2023-07-01,2025,2026
MQ-0262,Québec,REQ03,3010,501.7,117.6,1,1961,Réelle,1,Détaché,1,1,313000,106000,419000,2023-07-01,2025,2026
MQ-0263,Québec,REQ03,3010,557.4,98.6,1,1957,Réelle,1,Détaché,1,1,345000,79000,424000,2023-07-01,2025,2026
MQ-0264,Québec,REQ03,3010,512.9,233,2,1958,Réelle,1,Détaché,5,1,320000,430000,750000,2023-07-01,2025,2026
MQ-0265,Québec,REQ03,3108,683.8,159.7,1,1960,Réelle,1,Détaché,1,1,333000,197000,530000,2023-07-01,2025,2026
MQ-0266,Québec,REQ03,3012,964.1,203.4,1,1956,Réelle,1,Détaché,1,1,447000,618000,1065000,2023-07-01,2025,2026
MQ-0267,Québec,REQ03,3005,856.9,223.8,2,1963,Réelle,1,Détaché,5,1,494000,231000,725000,2023-07-01,2025,2026
MQ-0268,Québec,REQ03,3050,511,285.6,2,2016,Réelle,1,Détaché,5,1,358000,932000,1290000,2023-07-01,2025,2026
MQ-0269,Québec,REQ03,3050,624.3,135.2,2,1953,Réelle,1,Détaché,5,1,401000,129000,530000,2023-07-01,2025,2026
MQ-0270,Québec,REQ03,8356,876.7,105,1,2002,Réelle,1,Détaché,1,1,114000,294000,408000,2023-07-01,2025,2026
MQ-0271,Québec,REQ03,8370,329.4,71.3,1,1962,Réelle,1,Détaché,4,1,101000,69000,170000,2023-07-01,2025,2026
MQ-0272,Québec,REQ03,8979,347,88.3,1,1978,Réelle,2,Jumelé,1,1,124000,174000,298000,2023-07-01,2025,2026
MQ-0273,Québec,REQ03,8979,207.4,61.1,1,1989,Réelle,2,Jumelé,1,1,106000,191000,297000,2023-07-01,2025,2026
MQ-0274,Québec,REQ03,8979,347,88.2,1,1978,Réelle,2,Jumelé,1,1,124000,198000,322000,2023-07-01,2025,2026
MQ-0275,Québec,REQ03,8967,1132.3,105.1,1,1954,Réelle,1,Détaché,4,1,130000,134000,264000,2023-07-01,2025,2026
MQ-0276,Québec,REQ03,8171,504.8,160.6,1,1977,Réelle,1,Détaché,4,1,235000,300000,535000,2023-07-01,2025,2026
MQ-0277,Québec,REQ03,8979,568.3,148,2,1993,Réelle,1,Détaché,5,1,182000,348000,530000,2023-07-01,2025,2026
MQ-0278,Québec,REQ03,8982,617.8,124,1,1976,Réelle,1,Détaché,1,1,194000,232000,426000,2023-07-01,2025,2026
MQ-0279,Québec,REQ03,8707,379.6,64.8,1,1983,Réelle,2,Jumelé,1,1,114000,135000,249000,2023-07-01,2025,2026
MQ-0280,Québec,REQ03,8702,607.9,90.6,1,1973,Réelle,1,Détaché,1,1,166000,168000,334000,2023-07-01,2025,2026
MQ-0281,Québec,REQ03,8708,645.7,86,1,1974,Réelle,1,Détaché,1,1,187000,180000,367000,2023-07-01,2025,2026
MQ-0282,Québec,REQ03,8393,613.2,272.9,2,1994,Réelle,1,Détaché,5,1,225000,590000,815000,2023-07-01,2025,2026
MQ-0283,Québec,REQ03,8393,588.5,144.1,2,1989,Réelle,1,Détaché,5,1,223000,362000,585000,2023-07-01,2025,2026
MQ-0284,Québec,REQ03,8987,372.5,58.8,1,1989,Réelle,3,"En rangée, un côté",1,1,112000,163000,275000,2023-07-01,2025,2026
MQ-0285,Québec,REQ03,8987,340.8,57.9,1,1990,Réelle,4,"En rangée, plusieurs côtés",1,1,110000,166000,276000,2023-07-01,2025,2026
MQ-0286,Québec,REQ03,8989,547.9,162.3,2,2002,Réelle,1,Détaché,5,1,209000,371000,580000,2023-07-01,2025,2026
MQ-0287,Québec,REQ03,8712,673.1,109.3,1,1976,Réelle,1,Détaché,1,1,189000,180000,369000,2023-07-01,2025,2026
MQ-0288,Québec,REQ03,8393,592,222.1,2,1996,Réelle,1,Détaché,5,1,223000,552000,775000,2023-07-01,2025,2026
MQ-0289,Québec,REQ03,8416,517,135.3,2,1987,Réelle,1,Détaché,5,1,211000,294000,505000,2023-07-01,2025,2026
MQ-0290,Québec,REQ03,8393,449,133.3,2,2005,Réelle,2,Jumelé,5,1,152000,305000,457000,2023-07-01,2025,2026
MQ-0291,Québec,REQ03,8416,842.3,228.8,2,1990,Réelle,1,Détaché,5,1,249000,451000,700000,2023-07-01,2025,2026
MQ-0292,Québec,REQ03,8987,588.1,91,1,1984,Réelle,1,Détaché,2,1,205000,140000,345000,2023-07-01,2025,2026
MQ-0293,Québec,REQ03,8989,450,122.1,2,1990,Réelle,1,Détaché,5,1,197000,272000,469000,2023-07-01,2025,2026
MQ-0294,Québec,REQ03,8989,281.7,104,2,1994,Réelle,2,Jumelé,5,1,135000,187000,322000,2023-07-01,2025,2026
MQ-0295,Québec,REQ03,8989,402.6,87.7,1,1986,Réelle,1,Détaché,2,1,176000,151000,327000,2023-07-01,2025,2026
MQ-0296,Québec,REQ03,3068,307.4,117.5,2,1987,Réelle,2,Jumelé,5,1,191000,205000,396000,2023-07-01,2025,2026
MQ-0297,Québec,REQ03,3068,385.5,186.1,2,1993,Réelle,1,Détaché,5,1,211000,359000,570000,2023-07-01,2025,2026
MQ-0298,Québec,REQ03,3013,580.9,161.6,2,1993,Réelle,1,Détaché,5,1,304000,251000,555000,2023-07-01,2025,2026
MQ-0299,Québec,REQ03,3029,566.9,104.1,1,1964,Réelle,1,Détaché,1,1,277000,156000,433000,2023-07-01,2025,2026
MQ-0300,Québec,REQ03,3029,408.8,124.8,2,1967,Réelle,2,Jumelé,5,1,182000,180000,362000,2023-07-01,2025,2026
MQ-0301,Québec,REQ03,3007,689.5,157,2,1962,Réelle,1,Détaché,5,1,289000,195000,484000,2023-07-01,2025,2026
MQ-0302,Québec,REQ03,3007,602.9,93.1,1,1962,Réelle,1,Détaché,1,1,280000,81000,361000,2023-07-01,2025,2026
MQ-0303,Québec,REQ03,3008,459.9,104.7,1,1975,Réelle,1,Détaché,1,1,207000,165000,372000,2023-07-01,2025,2026
MQ-0304,Québec,REQ03,3056,241.6,119,2,1965,Réelle,4,"En rangée, plusieurs côtés",5,1,134000,148000,282000,2023-07-01,2025,2026
MQ-0305,Québec,REQ03,3055,543.5,94.3,1,1957,Réelle,1,Détaché,1,1,227000,164000,391000,2023-07-01,2025,2026
MQ-0306,Québec,REQ03,3090,383.4,131.4,2,2001,Réelle,1,Détaché,5,1,192000,358000,550000,2023-07-01,2025,2026
MQ-0307,Québec,REQ03,3059,603.9,110.2,1,1958,Réelle,1,Détaché,1,1,286000,175000,461000,2023-07-01,2025,2026
MQ-0308,Québec,REQ03,3088,642.6,151.3,1,1964,Réelle,1,Détaché,1,1,382000,293000,675000,2023-07-01,2025,2026
MQ-0309,Québec,REQ03,3088,630.3,117.1,1,1952,Réelle,1,Détaché,1,1,378000,152000,530000,2023-07-01,2025,2026
MQ-0310,Québec,REQ03,3088,691.4,97.7,1,1955,Réelle,1,Détaché,2,1,394000,68000,462000,2023-07-01,2025,2026
MQ-0311,Québec,REQ03,3118,657.8,113.7,1,1954,Réelle,1,Détaché,1,1,328000,127000,455000,2023-07-01,2025,2026
MQ-0312,Québec,REQ03,3002,822.2,235,2,1960,Réelle,1,Détaché,5,1,411000,409000,820000,2023-07-01,2025,2026
MQ-0313,Québec,REQ03,3002,603.9,123,1,1954,Réelle,1,Détaché,1,1,368000,182000,550000,2023-07-01,2025,2026
MQ-0314,Québec,REQ03,3088,681.5,113.9,1,1955,Réelle,1,Détaché,2,1,392000,89000,481000,2023-07-01,2025,2026
MQ-0315,Québec,REQ06,9810,6859.3,70.4,1,1965,Réelle,1,Détaché,1,1,153000,163000,316000,2023-07-01,2025,2026
MQ-0316,Québec,REQ06,9320,1556,160.9,1,1978,Réelle,1,Détaché,4,1,100000,220000,320000,2023-07-01,2025,2026
MQ-0317,Québec,REQ06,9929,580.1,98.3,1,1963,Réelle,1,Détaché,1,1,59000,151000,210000,2023-07-01,2025,2026
MQ-0318,Québec,REQ06,9274,1477.7,81,1,1986,Réelle,1,Détaché,1,1,189000,182000,371000,2023-07-01,2025,2026
MQ-0319,Québec,REQ06,9074,361,120,2,2003,Réelle,1,Détaché,5,1,138000,254000,392000,2023-07-01,2025,2026
MQ-0320,Québec,REQ06,9131,2047.1,135.8,2,1965,Réelle,1,Détaché,1,1,111000,276000,387000,2023-07-01,2025,2026
MQ-0321,Québec,REQ06,9074,408.7,142.3,2,2003,Réelle,1,Détaché,5,1,141000,336000,477000,2023-07-01,2025,2026
MQ-0322,Québec,REQ06,9184,571,89.2,1,1976,Réelle,1,Détaché,1,1,135000,175000,310000,2023-07-01,2025,2026
MQ-0323,Québec,REQ06,9274,557.4,87,1,1971,Réelle,1,Détaché,1,1,147000,152000,299000,2023-07-01,2025,2026
MQ-0324,Québec,REQ06,9626,934,106,1,1974,Réelle,1,Détaché,1,1,164000,168000,332000,2023-07-01,2025,2026
MQ-0325,Québec,REQ06,9288,160.9,59.8,1,1993,Réelle,4,"En rangée, plusieurs côtés",1,1,73000,162000,235000,2023-07-01,2025,2026
MQ-0326,Québec,REQ06,9288,160.9,59.8,1,1993,Réelle,4,"En rangée, plusieurs côtés",1,1,73000,186000,259000,2023-07-01,2025,2026
MQ-0327,Québec,REQ06,9110,780.9,89.2,1,1977,Réelle,1,Détaché,1,1,144000,141000,285000,2023-07-01,2025,2026
MQ-0328,Québec,REQ06,9642,464.5,91.9,1,1998,Réelle,1,Détaché,1,1,143000,212000,355000,2023-07-01,2025,2026
MQ-0329,Québec,REQ06,9141,1012.6,80.1,1,1977,Réelle,1,Détaché,1,1,168000,151000,319000,2023-07-01,2025,2026
MQ-0330,Québec,REQ06,9154,1689.6,151.6,1,2002,Réelle,1,Détaché,1,1,182000,314000,496000,2023-07-01,2025,2026
MQ-0331,Québec,REQ06,9267,509,100.8,1,1988,Réelle,1,Détaché,2,1,163000,204000,367000,2023-07-01,2025,2026
MQ-0332,Québec,REQ06,9270,629.6,91.3,1,1975,Réelle,1,Détaché,1,1,169000,204000,373000,2023-07-01,2025,2026
MQ-0333,Québec,REQ06,9276,443.6,80.3,1,1992,Réelle,1,Détaché,1,1,153000,203000,356000,2023-07-01,2025,2026
MQ-0334,Québec,REQ06,9280,352.7,63.9,1,1992,Réelle,2,Jumelé,1,1,113000,210000,323000,2023-07-01,2025,2026
MQ-0335,Québec,REQ06,9250,328.6,74.8,1,1971,Réelle,2,Jumelé,1,1,110000,124000,234000,2023-07-01,2025,2026
MQ-0336,Québec,REQ06,9223,929,112.3,1,1972,Réelle,1,Détaché,1,1,175000,172000,347000,2023-07-01,2025,2026
MQ-0337,Québec,REQ06,9287,328.5,107.6,2,1994,Réelle,2,Jumelé,5,1,110000,170000,280000,2023-07-01,2025,2026
MQ-0338,Québec,REQ06,9287,485.4,107.2,2,1997,Réelle,1,Détaché,5,1,161000,226000,387000,2023-07-01,2025,2026
MQ-0339,Québec,REQ06,9259,437.4,105.8,1,2003,Réelle,1,Détaché,1,1,151000,262000,413000,2023-07-01,2025,2026
MQ-0340,Québec,REQ06,9258,512.8,101.4,1,2001,Réelle,1,Détaché,1,1,163000,219000,382000,2023-07-01,2025,2026
MQ-0341,Québec,REQ06,9251,577.4,94.5,1,1989,Réelle,1,Détaché,2,1,166000,197000,363000,2023-07-01,2025,2026
MQ-0342,Québec,REQ06,9251,502.7,106.5,1,1989,Réelle,1,Détaché,1,1,162000,214000,376000,2023-07-01,2025,2026
MQ-0343,Québec,REQ06,9251,936.4,93.7,1,1988,Réelle,1,Détaché,2,1,185000,258000,443000,2023-07-01,2025,2026
MQ-0344,Québec,REQ06,9251,459.7,110.1,1,1989,Réelle,1,Détaché,2,1,159000,212000,371000,2023-07-01,2025,2026
MQ-0345,Québec,REQ06,9236,368.8,85.9,1,1982,Réelle,1,Détaché,2,1,140000,153000,293000,2023-07-01,2025,2026
MQ-0346,Québec,REQ06,9294,586.3,86,1,1989,Réelle,1,Détaché,2,1,161000,189000,350000,2023-07-01,2025,2026
MQ-0347,Québec,REQ06,7901,688,55.7,1,1960,Réelle,1,Détaché,1,1,137000,60000,197000,2023-07-01,2025,2026
MQ-0348,Québec,REQ06,7815,436.9,98.3,1,1993,Réelle,1,Détaché,1,1,131000,230000,361000,2023-07-01,2025,2026
MQ-0349,Québec,REQ06,7831,836.1,95.9,1,1978,Réelle,1,Détaché,1,1,167000,178000,345000,2023-07-01,2025,2026
MQ-0350,Québec,REQ06,7830,675.6,142.6,2,1992,Réelle,1,Détaché,5,1,157000,220000,377000,2023-07-01,2025,2026
MQ-0351,Québec,REQ06,7827,766.5,80.3,1,1977,Réelle,1,Détaché,1,1,163000,141000,304000,2023-07-01,2025,2026
MQ-0352,Québec,REQ06,7827,766.5,101.4,1,1979,Réelle,1,Détaché,1,1,163000,187000,350000,2023-07-01,2025,2026
MQ-0353,Québec,REQ06,7869,1106.1,117.2,1,1971,Réelle,1,Détaché,4,1,229000,177000,406000,2023-07-01,2025,2026
MQ-0354,Québec,REQ06,7901,1114.8,91.8,1,1990,Réelle,1,Détaché,1,1,161000,206000,367000,2023-07-01,2025,2026
MQ-0355,Québec,REQ06,7901,557.3,76.2,1,1977,Réelle,1,Détaché,1,1,130000,158000,288000,2023-07-01,2025,2026
MQ-0356,Québec,REQ06,7905,2418.8,85.4,1,1960,Réelle,1,Détaché,1,1,171000,154000,325000,2023-07-01,2025,2026
MQ-0357,Québec,REQ06,7812,2165.1,105.6,1,1972,Réelle,1,Détaché,1,1,100000,188000,288000,2023-07-01,2025,2026
MQ-0358,Québec,REQ06,7811,1831.2,106.7,1,1940,Réelle,1,Détaché,4,1,187000,163000,350000,2023-07-01,2025,2026
MQ-0359,Québec,REQ06,7822,1829.1,114.1,1,1947,Réelle,1,Détaché,4,1,217000,168000,385000,2023-07-01,2025,2026
MQ-0360,Québec,REQ06,7851,2198.1,109.2,1,1998,Réelle,1,Détaché,1,1,241000,245000,486000,2023-07-01,2025,2026
MQ-0361,Québec,REQ06,9924,5175.6,86.2,1,1943,Réelle,1,Détaché,1,1,88000,97000,185000,2023-07-01,2025,2026
MQ-0362,Québec,REQ06,7861,678.8,81.9,1,1972,Réelle,1,Détaché,1,1,142000,135000,277000,2023-07-01,2025,2026
MQ-0363,Québec,REQ06,9923,6126.1,123.5,1,1980,Réelle,1,Détaché,2,1,105000,171000,276000,2023-07-01,2025,2026
MQ-0364,Québec,REQ06,7859,527.1,145.7,2,1993,Réelle,1,Détaché,5,1,148000,316000,464000,2023-07-01,2025,2026
MQ-0365,Québec,REQ06,7859,2128,198.9,2,1983,Réelle,1,Détaché,5,1,198000,258000,456000,2023-07-01,2025,2026
MQ-0366,Québec,REQ06,7108,300.8,116.2,2,1993,Réelle,2,Jumelé,5,1,116000,175000,291000,2023-07-01,2025,2026
MQ-0367,Québec,REQ06,7105,348.1,44.7,1,1983,Réelle,2,Jumelé,1,1,111000,113000,224000,2023-07-01,2025,2026
MQ-0368,Québec,REQ06,7131,546.5,85.8,1,1930,Réelle,1,Détaché,4,1,163000,94000,257000,2023-07-01,2025,2026
MQ-0369,Québec,REQ06,7122,802.5,145.2,2,1990,Réelle,1,Détaché,1,1,210000,238000,448000,2023-07-01,2025,2026
MQ-0370,Québec,REQ06,7105,557.4,80.3,1,1983,Réelle,1,Détaché,1,1,170000,122000,292000,2023-07-01,2025,2026
MQ-0371,Québec,REQ06,7220,997.6,124.8,1,1999,Réelle,1,Détaché,1,1,193000,233000,426000,2023-07-01,2025,2026
MQ-0372,Québec,REQ06,7215,641.03,81.4,1,1973,Réelle,1,Détaché,1,1,169000,174000,343000,2023-07-01,2025,2026
MQ-0373,Québec,REQ06,7209,535.86,92.4,1,1985,Réelle,1,Détaché,2,1,170000,200000,370000,2023-07-01,2025,2026
MQ-0374,Québec,REQ06,7202,626,83.7,1,1989,Réelle,1,Détaché,1,1,177000,202000,379000,2023-07-01,2025,2026
MQ-0375,Québec,REQ06,7235,349.2,63.2,1,1990,Réelle,2,Jumelé,1,1,112000,159000,271000,2023-07-01,2025,2026
MQ-0376,Québec,REQ06,7209,545.4,98.5,1,1987,Réelle,1,Détaché,1,1,171000,211000,382000,2023-07-01,2025,2026
MQ-0377,Québec,REQ06,7202,562.16,95.9,1,1979,Réelle,1,Détaché,1,1,172000,173000,345000,2023-07-01,2025,2026
MQ-0378,Québec,REQ06,7235,1425.4,142.6,1,1992,Réelle,1,Détaché,1,1,221000,271000,492000,2023-07-01,2025,2026
MQ-0379,Québec,REQ06,7202,508.83,84.7,1,1979,Réelle,1,Détaché,1,1,168000,196000,364000,2023-07-01,2025,2026
MQ-0380,Québec,REQ06,7237,495,79.3,1,1990,Réelle,1,Détaché,1,1,176000,190000,366000,2023-07-01,2025,2026
MQ-0381,Québec,REQ06,7237,405,104,2,1991,Réelle,2,Jumelé,5,1,116000,207000,323000,2023-07-01,2025,2026
MQ-0382,Québec,REQ06,7245,131.5,93.7,2,1991,Réelle,4,"En rangée, plusieurs côtés",5,1,81000,140000,221000,2023-07-01,2025,2026
MQ-0383,Québec,REQ06,7237,450,73.9,1,1994,Réelle,1,Détaché,1,1,168000,195000,363000,2023-07-01,2025,2026
MQ-0384,Québec,REQ06,7202,510.04,86.5,1,1974,Réelle,1,Détaché,1,1,168000,198000,366000,2023-07-01,2025,2026
MQ-0385,Québec,REQ03,8522,385.5,119.9,2,1999,Réelle,2,Jumelé,5,1,151000,253000,404000,2023-07-01,2025,2026
MQ-0386,Québec,REQ03,8989,371.3,111.6,2,1998,Réelle,1,Détaché,5,1,171000,262000,433000,2023-07-01,2025,2026
MQ-0387,Québec,REQ03,3117,830.46,124.1,1,1952,Réelle,1,Détaché,1,1,520000,190000,710000,2023-07-01,2025,2026
MQ-0388,Québec,REQ03,3148,489.1,123.9,2,1986,Réelle,3,"En rangée, un côté",5,1,416000,209000,625000,2023-07-01,2025,2026
MQ-0389,Québec,REQ03,3106,926.7,156.9,1,1967,Réelle,1,Détaché,2,1,690000,110000,800000,2023-07-01,2025,2026
MQ-0390,Québec,REQ03,3106,741.4,189.9,1,1960,Réelle,1,Détaché,1,1,615000,210000,825000,2023-07-01,2025,2026
MQ-0391,Québec,REQ03,3106,702.3,198.2,2,1970,Réelle,1,Détaché,5,1,595000,135000,730000,2023-07-01,2025,2026
MQ-0392,Québec,REQ03,3126,743.2,285.8,2,1947,Réelle,1,Détaché,5,1,615000,535000,1150000,2023-07-01,2025,2026
MQ-0393,Québec,REQ03,3437,905.8,49,1,1982,Réelle,4,"En rangée, plusieurs côtés",1,1,174000,105000,279000,2023-07-01,2025,2026
MQ-0394,Québec,REQ03,3437,386.5,120.4,1,1830,Réelle,3,"En rangée, un côté",4,1,186000,216000,402000,2023-07-01,2025,2026
MQ-0395,Québec,REQ03,3437,225.7,139.8,1,1830,Réelle,4,"En rangée, plusieurs côtés",1,1,167000,156000,323000,2023-07-01,2025,2026
MQ-0396,Québec,REQ03,3222,522.6,251.2,2,1973,Réelle,1,Détaché,5,1,422000,468000,890000,2023-07-01,2025,2026
MQ-0397,Québec,REQ03,3229,465,95.5,1,1947,Réelle,1,Détaché,4,1,439000,101000,540000,2023-07-01,2025,2026
MQ-0398,Québec,REQ03,3229,364.2,114.7,1,1947,Réelle,1,Détaché,4,1,344000,201000,545000,2023-07-01,2025,2026
MQ-0399,Québec,REQ03,3229,467.3,139.4,2,1946,Réelle,1,Détaché,5,1,442000,178000,620000,2023-07-01,2025,2026
MQ-0400,Québec,REQ03,3229,470.1,135.3,2,1942,Réelle,1,Détaché,5,1,444000,311000,755000,2023-07-01,2025,2026
MQ-0401,Québec,REQ03,3229,523.3,174.5,2,1950,Réelle,1,Détaché,5,1,467000,243000,710000,2023-07-01,2025,2026
MQ-0402,Québec,REQ03,3104,975.5,227.4,2,1951,Réelle,1,Détaché,5,1,710000,275000,985000,2023-07-01,2025,2026
MQ-0403,Québec,REQ03,3104,587.74,115.5,2,1983,Réelle,1,Détaché,5,1,334000,311000,645000,2023-07-01,2025,2026
MQ-0404,Québec,REQ03,3104,1012.8,235.9,1,1978,Réelle,1,Détaché,4,1,730000,315000,1045000,2023-07-01,2025,2026
MQ-0405,Québec,REQ04,4325,743.23,178.4,1,1978,Réelle,1,Détaché,4,1,187000,293000,480000,2023-07-01,2025,2026
MQ-0406,Québec,REQ04,4324,710.34,176.9,1,1972,Réelle,1,Détaché,4,1,188000,274000,462000,2023-07-01,2025,2026
MQ-0407,Québec,REQ04,4239,512.1,71.3,1,1970,Réelle,1,Détaché,1,1,175000,115000,290000,2023-07-01,2025,2026
MQ-0408,Québec,REQ04,4324,708.57,142.5,1,1970,Réelle,1,Détaché,1,1,188000,191000,379000,2023-07-01,2025,2026
MQ-0409,Québec,REQ04,4324,565.97,106.2,1,1967,Réelle,1,Détaché,1,1,179000,176000,355000,2023-07-01,2025,2026
MQ-0410,Québec,REQ04,4333,501.68,85.9,1,1958,Réelle,1,Détaché,1,1,170000,122000,292000,2023-07-01,2025,2026
MQ-0411,Québec,REQ04,4333,642.2,90.6,1,1959,Réelle,1,Détaché,1,1,179000,127000,306000,2023-07-01,2025,2026
MQ-0412,Québec,REQ04,4224,560.2,90.6,1,1967,Réelle,1,Détaché,1,1,178000,102000,280000,2023-07-01,2025,2026
MQ-0413,Québec,REQ04,4224,992.5,116.4,1,1967,Réelle,1,Détaché,1,1,207000,233000,440000,2023-07-01,2025,2026
MQ-0414,Québec,REQ04,4262,579.2,115.8,1,1956,Réelle,1,Détaché,1,1,175000,121000,296000,2023-07-01,2025,2026
MQ-0415,Québec,REQ04,4283,650.3,114.4,1,1966,Réelle,1,Détaché,1,1,171000,135000,306000,2023-07-01,2025,2026
MQ-0416,Québec,REQ04,4105,466.78,88.2,1,1962,Réelle,1,Détaché,1,1,163000,120000,283000,2023-07-01,2025,2026
MQ-0417,Québec,REQ04,4130,281.19,72.6,1,1958,Réelle,2,Jumelé,1,1,114000,121000,235000,2023-07-01,2025,2026
MQ-0418,Québec,REQ04,4170,497.54,126.9,1,1948,Réelle,1,Détaché,4,1,179000,126000,305000,2023-07-01,2025,2026
MQ-0419,Québec,REQ04,4256,538.8,101.4,1,1959,Réelle,1,Détaché,1,1,177000,172000,349000,2023-07-01,2025,2026
MQ-0420,Québec,REQ04,4186,355.4,104,2,1986,Réelle,2,Jumelé,5,1,117000,211000,328000,2023-07-01,2025,2026
MQ-0421,Québec,REQ04,4256,935.6,90.6,1,1972,Réelle,1,Détaché,1,1,203000,157000,360000,2023-07-01,2025,2026
MQ-0422,Québec,REQ04,4271,505.38,90.6,1,1968,Réelle,1,Détaché,1,1,175000,144000,319000,2023-07-01,2025,2026
MQ-0423,Québec,REQ04,4277,679.5,114.5,1,1970,Réelle,1,Détaché,1,1,186000,178000,364000,2023-07-01,2025,2026
MQ-0424,Québec,REQ04,4190,557.4,88.3,1,1963,Réelle,1,Détaché,1,1,174000,124000,298000,2023-07-01,2025,2026
MQ-0425,Québec,REQ04,4280,642.3,89.2,1,1971,Réelle,1,Détaché,1,1,179000,145000,324000,2023-07-01,2025,2026
MQ-0426,Québec,REQ04,4190,754.5,208.9,1,1960,Réelle,1,Détaché,4,1,186000,394000,580000,2023-07-01,2025,2026
MQ-0427,Québec,REQ04,4190,520.3,85.9,1,1961,Réelle,1,Détaché,1,1,171000,121000,292000,2023-07-01,2025,2026
MQ-0428,Québec,REQ04,4195,664.3,107.6,1,1974,Réelle,1,Détaché,1,1,181000,201000,382000,2023-07-01,2025,2026
MQ-0429,Québec,REQ04,4782,1504,123.5,2,1996,Réelle,2,Jumelé,4,1,90000,151000,241000,2023-07-01,2025,2026
MQ-0430,Québec,REQ04,4741,513.9,95,1,2001,Réelle,1,Détaché,1,1,169000,248000,417000,2023-07-01,2025,2026
MQ-0431,Québec,REQ04,9906,737.3,87,1,1950,Réelle,1,Détaché,1,1,46000,124000,170000,2023-07-01,2025,2026
MQ-0432,Québec,REQ04,4884,10396.6,55.9,1,1950,Réelle,1,Détaché,1,1,77000,148000,225000,2023-07-01,2025,2026
MQ-0433,Québec,REQ04,4749,617.8,88.3,1,1976,Réelle,1,Détaché,1,1,154000,216000,370000,2023-07-01,2025,2026
MQ-0434,Québec,REQ04,4751,1036.8,98.8,1,1956,Réelle,1,Détaché,1,1,131000,107000,238000,2023-07-01,2025,2026
MQ-0435,Québec,REQ04,4705,917.8,130.5,1,1980,Réelle,1,Détaché,4,1,95000,174000,269000,2023-07-01,2025,2026
MQ-0436,Québec,REQ04,4709,580.1,139.9,2,1993,Réelle,1,Détaché,5,1,158000,247000,405000,2023-07-01,2025,2026
MQ-0437,Québec,REQ04,4717,1960.3,131,1,1974,Réelle,1,Détaché,4,1,190000,157000,347000,2023-07-01,2025,2026
MQ-0438,Québec,REQ04,4539,575.53,91.7,1,1969,Réelle,1,Détaché,1,1,168000,120000,288000,2023-07-01,2025,2026
MQ-0439,Québec,REQ04,4619,711.7,123.8,1,1971,Réelle,1,Détaché,1,1,160000,167000,327000,2023-07-01,2025,2026
MQ-0440,Québec,REQ04,4601,360.8,59.7,1,1987,Réelle,2,Jumelé,1,1,104000,158000,262000,2023-07-01,2025,2026
MQ-0441,Québec,REQ04,4601,819.9,140.7,2,1988,Réelle,1,Détaché,5,1,167000,323000,490000,2023-07-01,2025,2026
MQ-0442,Québec,REQ04,4503,1171.7,92.9,1,1973,Réelle,1,Détaché,2,1,204000,157000,361000,2023-07-01,2025,2026
MQ-0443,Québec,REQ04,4503,743.23,80.3,1,1970,Réelle,1,Détaché,1,1,175000,191000,366000,2023-07-01,2025,2026
MQ-0444,Québec,REQ04,4518,631.74,92.6,1,1967,Réelle,1,Détaché,1,1,172000,165000,337000,2023-07-01,2025,2026
MQ-0445,Québec,REQ04,4527,568.85,96.6,1,1976,Réelle,1,Détaché,1,1,167000,173000,340000,2023-07-01,2025,2026
MQ-0446,Québec,REQ04,4527,554.91,80.3,1,1978,Réelle,1,Détaché,1,1,166000,145000,311000,2023-07-01,2025,2026
MQ-0447,Québec,REQ04,4527,675.87,92.9,1,1983,Réelle,1,Détaché,1,1,166000,173000,339000,2023-07-01,2025,2026
MQ-0448,Québec,REQ04,4524,606.2,80.2,1,1994,Réelle,1,Détaché,1,1,170000,227000,397000,2023-07-01,2025,2026
MQ-0449,Québec,REQ04,4518,631.74,84.7,1,1953,Réelle,1,Détaché,1,1,172000,107000,279000,2023-07-01,2025,2026
MQ-0450,Québec,REQ04,4539,593.46,89.4,1,1968,Réelle,1,Détaché,1,1,169000,132000,301000,2023-07-01,2025,2026
MQ-0451,Québec,REQ04,4580,526.4,141.2,1,1988,Réelle,1,Détaché,4,1,165000,242000,407000,2023-07-01,2025,2026
MQ-0452,Québec,REQ04,4517,524.09,71.8,1,1960,Réelle,1,Détaché,1,1,144000,88000,232000,2023-07-01,2025,2026
MQ-0453,Québec,REQ04,4583,284.3,105.6,2,1972,Réelle,2,Jumelé,5,1,101000,176000,277000,2023-07-01,2025,2026
MQ-0454,Québec,REQ04,4580,768.1,148,1,1977,Réelle,1,Détaché,4,1,181000,279000,460000,2023-07-01,2025,2026
MQ-0455,Québec,REQ04,4574,503.1,80.3,1,1971,Réelle,1,Détaché,1,1,159000,131000,290000,2023-07-01,2025,2026
MQ-0456,Québec,REQ04,4601,464.5,66.9,1,1987,Réelle,1,Détaché,1,1,151000,165000,316000,2023-07-01,2025,2026
MQ-0457,Québec,REQ04,4601,511.4,86.4,1,1985,Réelle,1,Détaché,1,1,154000,153000,307000,2023-07-01,2025,2026
MQ-0458,Québec,REQ04,4553,501.66,92.9,1,1964,Réelle,1,Détaché,1,1,163000,144000,307000,2023-07-01,2025,2026
MQ-0459,Québec,REQ04,4571,543.5,95.2,1,1965,Réelle,1,Détaché,1,1,166000,176000,342000,2023-07-01,2025,2026
MQ-0460,Québec,REQ04,4568,557.4,85.9,1,1966,Réelle,1,Détaché,1,1,167000,153000,320000,2023-07-01,2025,2026
MQ-0461,Québec,REQ04,4568,710.7,75.2,1,1970,Réelle,1,Détaché,1,1,177000,135000,312000,2023-07-01,2025,2026
MQ-0462,Québec,REQ04,4580,377,102.2,2,1980,Réelle,2,Jumelé,5,1,109000,187000,296000,2023-07-01,2025,2026
MQ-0463,Québec,REQ04,4571,557.4,90.6,1,1974,Réelle,1,Détaché,1,1,167000,163000,330000,2023-07-01,2025,2026
MQ-0464,Québec,REQ04,4439,800.2,109.3,1,1977,Réelle,1,Détaché,4,1,178000,167000,345000,2023-07-01,2025,2026
MQ-0465,Québec,REQ04,4427,773,98.7,1,1984,Réelle,1,Détaché,1,1,176000,190000,366000,2023-07-01,2025,2026
MQ-0466,Québec,REQ04,4488,693.8,171,1,1987,Réelle,1,Détaché,4,1,181000,307000,488000,2023-07-01,2025,2026
MQ-0467,Québec,REQ04,4454,429.4,82.6,1,1983,Réelle,1,Détaché,2,1,145000,135000,280000,2023-07-01,2025,2026
MQ-0468,Québec,REQ04,4465,571.4,97,1,1987,Réelle,1,Détaché,2,1,164000,231000,395000,2023-07-01,2025,2026
MQ-0469,Québec,REQ04,4465,585.3,96.2,1,1983,Réelle,1,Détaché,2,1,165000,200000,365000,2023-07-01,2025,2026
MQ-0470,Québec,REQ04,4465,874.6,150.2,2,1982,Réelle,1,Détaché,5,1,184000,291000,475000,2023-07-01,2025,2026
MQ-0471,Québec,REQ04,4465,603.9,90.6,1,1976,Réelle,1,Détaché,1,1,166000,169000,335000,2023-07-01,2025,2026
MQ-0472,Québec,REQ04,4456,1072.3,173.7,1,1978,Réelle,1,Détaché,4,1,177000,338000,515000,2023-07-01,2025,2026
MQ-0473,Québec,REQ04,4465,788,77.7,1,1990,Réelle,1,Détaché,1,1,178000,194000,372000,2023-07-01,2025,2026
MQ-0474,Québec,REQ05,5231,666.7,180.2,2,1997,Réelle,1,Détaché,5,1,177000,328000,505000,2023-07-01,2025,2026
MQ-0475,Québec,REQ06,7237,450,118,2,1999,Réelle,1,Détaché,5,1,168000,241000,409000,2023-07-01,2025,2026
MQ-0476,Québec,REQ05,5311,536.6,85.1,1,1999,Réelle,1,Détaché,1,1,167000,224000,391000,2023-07-01,2025,2026
MQ-0477,Québec,REQ05,5846,591.3,114.5,1,2000,Réelle,1,Détaché,1,1,154000,288000,442000,2023-07-01,2025,2026
MQ-0478,Québec,REQ04,4610,426.8,116,2,2001,Réelle,1,Détaché,5,1,139000,208000,347000,2023-07-01,2025,2026
MQ-0479,Québec,REQ02,2769,857.9,74.9,1,1999,Réelle,1,Détaché,1,1,173000,122000,295000,2023-07-01,2025,2026
MQ-0480,Québec,REQ02,2208,362.3,113.7,2,2001,Réelle,2,Jumelé,5,1,135000,230000,365000,2023-07-01,2025,2026
MQ-0481,Québec,REQ04,4825,650.1,160.7,2,2002,Réelle,1,Détaché,5,1,166000,399000,565000,2023-07-01,2025,2026
MQ-0482,Québec,REQ06,9076,601,119.2,2,2003,Réelle,1,Détaché,5,1,167000,260000,427000,2023-07-01,2025,2026
MQ-0483,Québec,REQ03,3076,446.4,137.4,2,2002,Réelle,1,Détaché,5,1,218000,392000,610000,2023-07-01,2025,2026
MQ-0484,Québec,REQ04,4421,406,119,2,2004,Réelle,3,"En rangée, un côté",5,1,127000,280000,407000,2023-07-01,2025,2026
MQ-0485,Québec,REQ04,4190,878.7,156.6,2,2002,Réelle,1,Détaché,5,1,194000,275000,469000,2023-07-01,2025,2026
MQ-0486,Québec,REQ05,5560,665.1,204.9,2,2002,Réelle,1,Détaché,5,1,193000,392000,585000,2023-07-01,2025,2026
MQ-0487,Québec,REQ02,2758,697.8,130.2,2,2002,Réelle,1,Détaché,5,1,224000,271000,495000,2023-07-01,2025,2026
MQ-0488,Québec,REQ05,5325,505.4,101.6,1,2003,Réelle,1,Détaché,1,1,165000,267000,432000,2023-07-01,2025,2026
MQ-0489,Québec,REQ03,8393,651.8,183.8,2,2003,Réelle,1,Détaché,5,1,228000,592000,820000,2023-07-01,2025,2026
MQ-0490,Québec,REQ06,7159,548.7,112.7,2,2003,Réelle,1,Détaché,5,1,190000,297000,487000,2023-07-01,2025,2026
MQ-0491,Québec,REQ02,2720,204.4,140.8,2,2003,Réelle,4,"En rangée, plusieurs côtés",5,1,166000,302000,468000,2023-07-01,2025,2026
MQ-0492,Québec,REQ03,8393,709.3,237.5,2,2005,Réelle,1,Détaché,5,1,233000,692000,925000,2023-07-01,2025,2026
MQ-0493,Québec,REQ02,2208,264.23,113.4,2,2003,Réelle,3,"En rangée, un côté",5,1,98000,221000,319000,2023-07-01,2025,2026
MQ-0494,Québec,REQ06,7108,700,125.8,2,2007,Réelle,1,Détaché,5,1,179000,278000,457000,2023-07-01,2025,2026
MQ-0495,Québec,REQ02,2750,504,82.5,1,2004,Réelle,1,Détaché,1,1,231000,190000,421000,2023-07-01,2025,2026
MQ-0496,Québec,REQ06,7851,721.4,85.7,1,2004,Réelle,1,Détaché,1,1,152000,192000,344000,2023-07-01,2025,2026
MQ-0497,Québec,REQ06,9280,1241.2,127.5,1,2006,Réelle,1,Détaché,1,1,201000,329000,530000,2023-07-01,2025,2026
MQ-0498,Québec,REQ06,9173,2057.1,141.8,1,2006,Réelle,1,Détaché,1,1,156000,327000,483000,2023-07-01,2025,2026
MQ-0499,Québec,REQ04,4421,346.4,120.3,2,2005,Réelle,2,Jumelé,5,1,123000,237000,360000,2023-07-01,2025,2026
MQ-0500,Québec,REQ05,5704,450.9,77.2,1,2005,Réelle,1,Détaché,1,1,150000,181000,331000,2023-07-01,2025,2026
MQ-0501,Québec,REQ04,4421,664.3,139.7,2,2006,Réelle,1,Détaché,5,1,184000,391000,575000,2023-07-01,2025,2026
MQ-0502,Québec,REQ04,4421,591.1,160.3,2,2007,Réelle,1,Détaché,5,1,179000,396000,575000,2023-07-01,2025,2026
MQ-0503,Québec,REQ02,2754,874.3,170.3,2,2006,Réelle,1,Détaché,5,1,264000,366000,630000,2023-07-01,2025,2026
MQ-0504,Québec,REQ02,2323,611.8,140.4,2,2006,Réelle,1,Détaché,5,1,208000,327000,535000,2023-07-01,2025,2026
MQ-0505,Québec,REQ04,4421,531,130.4,2,2006,Réelle,1,Détaché,5,1,174000,277000,451000,2023-07-01,2025,2026
MQ-0506,Québec,REQ04,4465,533.6,100.7,2,2005,Réelle,2,Jumelé,5,1,114000,224000,338000,2023-07-01,2025,2026
MQ-0507,Québec,REQ06,9281,517,94.8,1,2006,Réelle,1,Détaché,1,1,163000,242000,405000,2023-07-01,2025,2026
MQ-0508,Québec,REQ06,7117,503.7,88.6,1,2006,Réelle,1,Détaché,1,1,187000,178000,365000,2023-07-01,2025,2026
MQ-0509,Québec,REQ03,3037,510.4,118.6,1,2007,Réelle,1,Détaché,1,1,214000,431000,645000,2023-07-01,2025,2026
MQ-0510,Québec,REQ03,3037,623.7,234,2,2008,Réelle,1,Détaché,5,1,237000,628000,865000,2023-07-01,2025,2026
MQ-0511,Québec,REQ02,2744,656.7,187.3,2,2008,Réelle,1,Détaché,5,1,269000,471000,740000,2023-07-01,2025,2026
MQ-0512,Québec,REQ02,2754,580.8,138,2,2007,Réelle,1,Détaché,5,1,238000,312000,550000,2023-07-01,2025,2026
MQ-0513,Québec,REQ02,2737,663.2,155.9,2,2007,Réelle,1,Détaché,5,1,258000,462000,720000,2023-07-01,2025,2026
MQ-0514,Québec,REQ02,2737,828.4,181.3,2,2006,Réelle,1,Détaché,5,1,273000,447000,720000,2023-07-01,2025,2026
MQ-0515,Québec,REQ05,5325,468.8,95.5,1,2007,Réelle,1,Détaché,1,1,163000,277000,440000,2023-07-01,2025,2026
MQ-0516,Québec,REQ06,7117,469,146.8,2,2007,Réelle,1,Détaché,5,1,184000,351000,535000,2023-07-01,2025,2026
MQ-0517,Québec,REQ02,2744,600,172.3,2,2009,Réelle,1,Détaché,5,1,264000,506000,770000,2023-07-01,2025,2026
MQ-0518,Québec,REQ02,2744,701.1,145.7,1,2007,Réelle,1,Détaché,4,1,274000,276000,550000,2023-07-01,2025,2026
MQ-0519,Québec,REQ02,2744,532.9,149,2,2008,Réelle,1,Détaché,5,1,257000,313000,570000,2023-07-01,2025,2026
MQ-0520,Québec,REQ05,5782,4119.5,185.4,2,2008,Réelle,1,Détaché,5,1,131000,509000,640000,2023-07-01,2025,2026
MQ-0521,Québec,REQ06,7900,483.8,83.4,1,2008,Réelle,1,Détaché,1,1,141000,202000,343000,2023-07-01,2025,2026
MQ-0522,Québec,REQ02,2754,302.7,126.7,2,2008,Réelle,2,Jumelé,5,1,135000,346000,481000,2023-07-01,2025,2026
MQ-0523,Québec,REQ04,4607,536,133.3,2,2008,Réelle,1,Détaché,5,1,156000,299000,455000,2023-07-01,2025,2026
MQ-0524,Québec,REQ06,9282,464.5,83.4,1,2008,Réelle,1,Détaché,1,1,160000,181000,341000,2023-07-01,2025,2026
MQ-0525,Québec,REQ06,9147,609.4,103.2,1,2010,Réelle,1,Détaché,1,1,168000,258000,426000,2023-07-01,2025,2026
MQ-0526,Québec,REQ04,4590,584.1,136.7,2,2008,Réelle,1,Détaché,5,1,169000,351000,520000,2023-07-01,2025,2026
MQ-0527,Québec,REQ06,9289,826.8,169,2,2009,Réelle,1,Détaché,5,1,179000,366000,545000,2023-07-01,2025,2026
MQ-0528,Québec,REQ06,7117,993.4,125.6,1,2009,Réelle,1,Détaché,1,1,225000,290000,515000,2023-07-01,2025,2026
MQ-0529,Québec,REQ05,5820,421.9,152.3,2,2014,Réelle,3,"En rangée, un côté",5,1,147000,398000,545000,2023-07-01,2025,2026
MQ-0530,Québec,REQ04,4590,694,97.5,1,2009,Réelle,1,Détaché,1,1,176000,244000,420000,2023-07-01,2025,2026
MQ-0531,Québec,REQ04,4590,575.4,118.7,2,2008,Réelle,1,Détaché,5,1,168000,266000,434000,2023-07-01,2025,2026
MQ-0532,Québec,REQ06,9258,379.3,72.3,1,2008,Réelle,2,Jumelé,1,1,118000,176000,294000,2023-07-01,2025,2026
MQ-0533,Québec,REQ04,4709,924.6,144.9,2,2008,Réelle,1,Détaché,5,1,181000,384000,565000,2023-07-01,2025,2026
MQ-0534,Québec,REQ04,4709,557.7,102.5,1,2008,Réelle,1,Détaché,1,1,157000,276000,433000,2023-07-01,2025,2026
MQ-0535,Québec,REQ04,4421,542.3,153.4,2,2010,Réelle,1,Détaché,5,1,175000,335000,510000,2023-07-01,2025,2026
MQ-0536,Québec,REQ02,2742,603.5,200.5,2,2009,Réelle,1,Détaché,5,1,286000,459000,745000,2023-07-01,2025,2026
MQ-0537,Québec,REQ02,2742,831,319.4,2,2015,Réelle,4,"En rangée, plusieurs côtés",5,1,308000,952000,1260000,2023-07-01,2025,2026
MQ-0538,Québec,REQ04,4421,731.8,203.8,2,2012,Réelle,1,Détaché,5,1,189000,661000,850000,2023-07-01,2025,2026
MQ-0539,Québec,REQ04,4603,682.7,123.5,1,2009,Réelle,1,Détaché,1,1,167000,348000,515000,2023-07-01,2025,2026
MQ-0540,Québec,REQ06,9259,306,116.4,2,2010,Réelle,2,Jumelé,5,1,103000,245000,348000,2023-07-01,2025,2026
MQ-0541,Québec,REQ06,9147,516,150.3,2,2010,Réelle,1,Détaché,5,1,163000,397000,560000,2023-07-01,2025,2026
MQ-0542,Québec,REQ02,2750,445.9,163.4,2,2011,Réelle,1,Détaché,5,1,218000,417000,635000,2023-07-01,2025,2026
MQ-0543,Québec,REQ02,2756,435,104.1,2,2011,Réelle,2,Jumelé,5,1,145000,241000,386000,2023-07-01,2025,2026
MQ-0544,Québec,REQ05,5721,302.4,101,2,2011,Réelle,2,Jumelé,5,1,93000,224000,317000,2023-07-01,2025,2026
MQ-0545,Québec,REQ06,9267,498,145.6,2,2012,Réelle,1,Détaché,5,1,162000,398000,560000,2023-07-01,2025,2026
MQ-0546,Québec,REQ04,4605,289,107.6,2,2010,Réelle,2,Jumelé,5,1,102000,208000,310000,2023-07-01,2025,2026
MQ-0547,Québec,REQ02,2212,309.7,136.4,2,2011,Réelle,4,"En rangée, plusieurs côtés",5,1,132000,373000,505000,2023-07-01,2025,2026
MQ-0548,Québec,REQ06,7530,663.6,84.3,1,2011,Réelle,1,Détaché,1,1,138000,210000,348000,2023-07-01,2025,2026
MQ-0549,Québec,REQ05,5721,548.3,95.1,1,2011,Réelle,1,Détaché,1,1,149000,226000,375000,2023-07-01,2025,2026
MQ-0550,Québec,REQ02,2255,261.13,146.3,2,2010,Réelle,4,"En rangée, plusieurs côtés",5,1,109000,279000,388000,2023-07-01,2025,2026
MQ-0551,Québec,REQ06,7480,15351.4,105.7,1,2010,Réelle,1,Détaché,1,1,140000,296000,436000,2023-07-01,2025,2026
MQ-0552,Québec,REQ06,9267,307.3,108.5,2,2011,Réelle,2,Jumelé,5,1,103000,203000,306000,2023-07-01,2025,2026
MQ-0553,Québec,REQ04,4581,763.6,114.2,1,2013,Réelle,1,Détaché,1,1,180000,330000,510000,2023-07-01,2025,2026
MQ-0554,Québec,REQ04,4581,501.4,127.8,2,2012,Réelle,2,Jumelé,5,1,118000,322000,440000,2023-07-01,2025,2026
MQ-0555,Québec,REQ04,4603,1019.3,117,1,2019,Réelle,1,Détaché,1,1,174000,336000,510000,2023-07-01,2025,2026
MQ-0556,Québec,REQ04,4605,242.38,100.5,2,2011,Réelle,4,"En rangée, plusieurs côtés",5,1,91000,176000,267000,2023-07-01,2025,2026
MQ-0557,Québec,REQ05,5206,475,119,2,2011,Réelle,2,Jumelé,5,1,100000,240000,340000,2023-07-01,2025,2026
MQ-0558,Québec,REQ03,3007,410.55,50.2,1,1961,Réelle,2,Jumelé,1,1,146000,142000,288000,2023-07-01,2025,2026
MQ-0559,Québec,REQ03,8969,213.98,93.8,2,2012,Réelle,4,"En rangée, plusieurs côtés",5,1,91000,183000,274000,2023-07-01,2025,2026
MQ-0560,Québec,REQ04,4751,377.3,84.8,1,2013,Réelle,1,Détaché,1,1,90000,214000,304000,2023-07-01,2025,2026
MQ-0561,Québec,REQ06,7859,278.65,104.2,2,2012,Réelle,2,Jumelé,5,1,57000,223000,280000,2023-07-01,2025,2026
MQ-0562,Québec,REQ06,9267,710,123.5,1,2015,Réelle,1,Détaché,1,1,173000,407000,580000,2023-07-01,2025,2026
MQ-0563,Québec,REQ06,9267,319.2,138.2,2,2018,Réelle,2,Jumelé,5,1,107000,265000,372000,2023-07-01,2025,2026
MQ-0564,Québec,REQ04,4581,760.95,112.8,2,2014,Réelle,2,Jumelé,5,1,128000,226000,354000,2023-07-01,2025,2026
MQ-0565,Québec,REQ06,7145,271,107.4,2,2014,Réelle,2,Jumelé,5,1,105000,225000,330000,2023-07-01,2025,2026
MQ-0566,Québec,REQ06,7145,513.85,107.4,2,2014,Réelle,2,Jumelé,5,1,128000,233000,361000,2023-07-01,2025,2026
MQ-0567,Québec,REQ05,5842,219.2,126.4,2,2014,Réelle,2,Jumelé,5,1,92000,263000,355000,2023-07-01,2025,2026
MQ-0568,Québec,REQ05,5555,269.53,172.4,2,2015,Réelle,3,"En rangée, un côté",5,1,110000,362000,472000,2023-07-01,2025,2026
MQ-0569,Québec,REQ06,9225,275.98,127,2,2015,Réelle,4,"En rangée, plusieurs côtés",5,1,94000,241000,335000,2023-07-01,2025,2026
MQ-0570,Québec,REQ06,9225,555.3,122.4,2,2018,Réelle,2,Jumelé,5,1,119000,267000,386000,2023-07-01,2025,2026
MQ-0571,Québec,REQ03,3088,357.7,164.9,2,2016,Réelle,2,Jumelé,5,1,232000,543000,775000,2023-07-01,2025,2026
MQ-0572,Québec,REQ06,9131,333.35,108.2,2,2016,Réelle,2,Jumelé,5,1,114000,216000,330000,2023-07-01,2025,2026
MQ-0573,Québec,REQ06,9310,1527.8,128.9,1,2017,Réelle,1,Détaché,1,1,162000,458000,620000,2023-07-01,2025,2026
MQ-0574,Québec,REQ04,4374,798.6,116.8,2,2016,Réelle,2,Jumelé,5,1,131000,248000,379000,2023-07-01,2025,2026
MQ-0575,Québec,REQ05,5730,232.7,104,2,2016,Réelle,2,Jumelé,5,1,83000,219000,302000,2023-07-01,2025,2026
MQ-0576,Québec,REQ04,4603,719.5,136,2,2019,Réelle,1,Détaché,5,1,168000,392000,560000,2023-07-01,2025,2026
MQ-0577,Québec,REQ05,5730,373,119,2,2017,Réelle,2,Jumelé,5,1,96000,229000,325000,2023-07-01,2025,2026
MQ-0578,Québec,REQ06,7310,399.7,94.6,1,2021,Réelle,1,Détaché,1,1,146000,224000,370000,2023-07-01,2025,2026
MQ-0579,Québec,REQ03,3011,308.9,115.2,2,2017,Réelle,2,Jumelé,5,1,130000,287000,417000,2023-07-01,2025,2026
MQ-0580,Québec,REQ06,7716,301.9,142.8,2,2018,Réelle,2,Jumelé,5,1,114000,303000,417000,2023-07-01,2025,2026
MQ-0581,Québec,REQ03,8973,670.2,130.9,2,2018,Réelle,2,Jumelé,5,1,129000,302000,431000,2023-07-01,2025,2026
MQ-0582,Québec,REQ05,5331,669.9,131.2,2,2019,Réelle,1,Détaché,5,1,156000,374000,530000,2023-07-01,2025,2026
MQ-0583,Québec,REQ05,5730,487.7,135.2,2,2018,Réelle,1,Détaché,5,1,145000,344000,489000,2023-07-01,2025,2026
MQ-0584,Québec,REQ06,9154,232.25,112.6,2,2018,Réelle,2,Jumelé,5,1,91000,228000,319000,2023-07-01,2025,2026
MQ-0585,Québec,REQ04,4619,204.4,105.2,2,2019,Réelle,2,Jumelé,5,1,86000,230000,316000,2023-07-01,2025,2026
MQ-0586,Québec,REQ01,1513,116.15,158.3,3,2020,Réelle,3,"En rangée, un côté",5,1,139000,486000,625000,2023-07-01,2025,2026
MQ-0587,Québec,REQ01,5502,167.6,158.7,3,2021,Réelle,4,"En rangée, plusieurs côtés",5,1,97000,330000,427000,2023-07-01,2025,2026
MQ-0588,Québec,REQ06,9258,330,119,2,2022,Réelle,2,Jumelé,5,1,117000,242000,359000,2023-07-01,2025,2026
MQ-0589,Québec,REQ03,8967,318.97,139.8,2,2021,Réelle,4,"En rangée, plusieurs côtés",5,1,100000,338000,438000,2023-07-01,2025,2026
MQ-0590,Québec,REQ03,3037,604.3,122.2,1,2022,Réelle,1,Détaché,1,1,236000,464000,700000,2023-07-01,2025,2026
MQ-0591,Québec,REQ06,7117,299.9,111.6,2,2022,Réelle,2,Jumelé,5,1,116000,260000,376000,2023-07-01,2025,2026
MQ-0592,Québec,REQ06,9271,217.1,101.2,2,2022,Réelle,2,Jumelé,5,1,86000,213000,299000,2023-07-01,2025,2026
MQ-0593,Québec,REQ05,5333,261.4,111.5,2,2022,Réelle,2,Jumelé,5,1,94000,242000,336000,2023-07-01,2025,2026
MQ-0594,Québec,REQ06,9642,413.4,113.2,2,2022,Réelle,2,Jumelé,5,1,115000,236000,351000,2023-07-01,2025,2026
MQ-0595,Québec,REQ06,9267,459.1,144.3,2,2024,Réelle,1,Détaché,5,1,158000,362000,520000,2023-07-01,2025,2026
MQ-0596,Québec,REQ04,4625,547.5,147.1,2,2023,Réelle,1,Détaché,5,1,167000,523000,690000,2023-07-01,2025,2026
MQ-0597,Québec,REQ05,5846,358.9,130.8,2,2023,Réelle,2,Jumelé,5,1,107000,281000,388000,2023-07-01,2025,2026
MQ-0598,Québec,REQ06,9259,272.2,110.4,2,2024,Réelle,2,Jumelé,5,1,99000,246000,345000,2023-07-01,2025,2026
MQ-0599,Québec,REQ06,9633,192.6,110.9,2,2024,Réelle,2,Jumelé,5,1,65000,234000,299000,2023-07-01,2025,2026
MQ-0600,Québec,REQ06,7131,295.7,105.2,2,2024,Réelle,4,"En rangée, plusieurs côtés",5,1,84000,263000,347000,2023-07-01,2025,2026
