"classe","sexe","groupe_age","classe_num","survecu"
"Première","Homme","Adulte",1,1
"Première","Homme","Adulte",1,1
"Première","Homme","Adulte",1,1
"Première","Homme","Adulte",1,1
"Première","Homme","Adulte",1,1
"Première","Homme","Adulte",1,1
"Première","Homme","Adulte",1,1
"Première","Homme","Adulte",1,1
"Première","Homme","Adulte",1,1
"Première","Homme","Adulte",1,1
"Première","Homme","Adulte",1,1
"Première","Homme","Adulte",1,1
"Première","Homme","Adulte",1,1
"Première","Homme","Adulte",1,1
"Première","Homme","Adulte",1,1
"Première","Homme","Adulte",1,1
"Première","Homme","Adulte",1,1
"Première","Homme","Adulte",1,1
"Première","Homme","Adulte",1,1
"Première","Homme","Adulte",1,1
"Première","Homme","Adulte",1,1
"Première","Homme","Adulte",1,1
"Première","Homme","Adulte",1,1
"Première","Homme","Adulte",1,1
"Première","Homme","Adulte",1,0
"Première","Homme","Adulte",1,0
"Première","Homme","Adulte",1,0
"Première","Homme","Adulte",1,0
"Première","Homme","Adulte",1,0
"Première","Homme","Adulte",1,0
"Première","Homme","Adulte",1,0
"Première","Homme","Adulte",1,0
"Première","Homme","Adulte",1,0
"Première","Homme","Adulte",1,0
"Première","Homme","Adulte",1,0
"Première","Homme","Adulte",1,0
"Première","Homme","Adulte",1,0
"Première","Homme","Adulte",1,0
"Première","Homme","Adulte",1,0
"Première","Homme","Adulte",1,0
"Première","Homme","Adulte",1,0
"Première","Homme","Adulte",1,0
"Première","Homme","Adulte",1,0
"Première","Homme","Adulte",1,0
"Première","Homme","Adulte",1,0
"Première","Homme","Adulte",1,0
"Première","Homme","Adulte",1,0
"Première","Homme","Adulte",1,0
"Première","Homme","Adulte",1,0
"Première","Femme","Adulte",1,1
"Première","Femme","Adulte",1,1
"Première","Femme","Adulte",1,1
"Première","Femme","Adulte",1,1
"Première","Femme","Adulte",1,1
"Première","Femme","Adulte",1,1
"Première","Femme","Adulte",1,1
"Première","Femme","Adulte",1,1
"Première","Femme","Adulte",1,1
"Première","Femme","Adulte",1,1
"Première","Femme","Adulte",1,1
"Première","Femme","Adulte",1,0
"Première","Femme","Adulte",1,0
"Première","Femme","Adulte",1,0
"Première","Femme","Adulte",1,0
"Première","Femme","Adulte",1,0
"Première","Femme","Adulte",1,0
"Première","Femme","Adulte",1,0
"Première","Femme","Adulte",1,0
"Première","Femme","Adulte",1,0
"Première","Femme","Adulte",1,0
"Première","Femme","Adulte",1,0
"Première","Femme","Adulte",1,0
"Première","Femme","Adulte",1,0
"Première","Femme","Adulte",1,0
"Première","Femme","Adulte",1,0
"Première","Femme","Adulte",1,0
"Première","Femme","Adulte",1,0
"Première","Femme","Adulte",1,0
"Première","Femme","Adulte",1,0
"Première","Femme","Adulte",1,0
"Première","Femme","Adulte",1,0
"Première","Femme","Adulte",1,0
"Première","Femme","Adulte",1,0
"Première","Femme","Enfant",1,1
"Première","Femme","Enfant",1,0
"Première","Femme","Enfant",1,0
"Première","Femme","Enfant",1,0
"Deuxième","Homme","Adulte",2,1
"Deuxième","Homme","Adulte",2,1
"Deuxième","Homme","Adulte",2,1
"Deuxième","Homme","Adulte",2,1
"Deuxième","Homme","Adulte",2,1
"Deuxième","Homme","Adulte",2,1
"Deuxième","Homme","Adulte",2,1
"Deuxième","Homme","Adulte",2,1
"Deuxième","Homme","Adulte",2,1
"Deuxième","Homme","Adulte",2,1
"Deuxième","Homme","Adulte",2,1
"Deuxième","Homme","Adulte",2,1
"Deuxième","Homme","Adulte",2,1
"Deuxième","Homme","Adulte",2,1
"Deuxième","Homme","Adulte",2,1
"Deuxième","Homme","Adulte",2,1
"Deuxième","Homme","Adulte",2,1
"Deuxième","Homme","Adulte",2,1
"Deuxième","Homme","Adulte",2,1
"Deuxième","Homme","Adulte",2,1
"Deuxième","Homme","Adulte",2,1
"Deuxième","Homme","Adulte",2,1
"Deuxième","Homme","Adulte",2,1
"Deuxième","Homme","Adulte",2,1
"Deuxième","Homme","Adulte",2,1
"Deuxième","Homme","Adulte",2,1
"Deuxième","Homme","Adulte",2,1
"Deuxième","Homme","Adulte",2,1
"Deuxième","Homme","Adulte",2,1
"Deuxième","Homme","Adulte",2,1
"Deuxième","Homme","Adulte",2,1
"Deuxième","Homme","Adulte",2,1
"Deuxième","Homme","Adulte",2,1
"Deuxième","Homme","Adulte",2,0
"Deuxième","Homme","Adulte",2,0
"Deuxième","Homme","Adulte",2,0
"Deuxième","Homme","Adulte",2,0
"Deuxième","Homme","Adulte",2,0
"Deuxième","Homme","Adulte",2,0
"Deuxième","Homme","Adulte",2,0
"Deuxième","Homme","Adulte",2,0
"Deuxième","Homme","Adulte",2,0
"Deuxième","Homme","Adulte",2,0
"Deuxième","Homme","Adulte",2,0
"Deuxième","Homme","Adulte",2,0
"Deuxième","Homme","Adulte",2,0
"Deuxième","Homme","Adulte",2,0
"Deuxième","Homme","Adulte",2,0
"Deuxième","Homme","Adulte",2,0
"Deuxième","Homme","Adulte",2,0
"Deuxième","Homme","Adulte",2,0
"Deuxième","Homme","Adulte",2,0
"Deuxième","Homme","Adulte",2,0
"Deuxième","Homme","Adulte",2,0
"Deuxième","Homme","Adulte",2,0
"Deuxième","Homme","Adulte",2,0
"Deuxième","Homme","Adulte",2,0
"Deuxième","Homme","Adulte",2,0
"Deuxième","Homme","Adulte",2,0
"Deuxième","Homme","Adulte",2,0
"Deuxième","Homme","Adulte",2,0
"Deuxième","Homme","Adulte",2,0
"Deuxième","Homme","Adulte",2,0
"Deuxième","Homme","Adulte",2,0
"Deuxième","Homme","Adulte",2,0
"Deuxième","Homme","Adulte",2,0
"Deuxième","Homme","Adulte",2,0
"Deuxième","Homme","Adulte",2,0
"Deuxième","Homme","Adulte",2,0
"Deuxième","Homme","Adulte",2,0
"Deuxième","Homme","Adulte",2,0
"Deuxième","Homme","Adulte",2,0
"Deuxième","Homme","Adulte",2,0
"Deuxième","Homme","Adulte",2,0
"Deuxième","Homme","Adulte",2,0
"Deuxième","Homme","Adulte",2,0
"Deuxième","Homme","Adulte",2,0
"Deuxième","Homme","Adulte",2,0
"Deuxième","Homme","Adulte",2,0
"Deuxième","Homme","Adulte",2,0
"Deuxième","Homme","Adulte",2,0
"Deuxième","Homme","Adulte",2,0
"Deuxième","Homme","Adulte",2,0
"Deuxième","Homme","Adulte",2,0
"Deuxième","Homme","Adulte",2,0
"Deuxième","Homme","Adulte",2,0
"Deuxième","Homme","Adulte",2,0
"Deuxième","Homme","Adulte",2,0
"Deuxième","Homme","Adulte",2,0
"Deuxième","Homme","Adulte",2,0
"Deuxième","Homme","Adulte",2,0
"Deuxième","Homme","Adulte",2,0
"Deuxième","Homme","Adulte",2,0
"Deuxième","Homme","Adulte",2,0
"Deuxième","Homme","Adulte",2,0
"Deuxième","Homme","Adulte",2,0
"Deuxième","Homme","Adulte",2,0
"Deuxième","Homme","Adulte",2,0
"Deuxième","Homme","Adulte",2,0
"Deuxième","Homme","Adulte",2,0
"Deuxième","Homme","Adulte",2,0
"Deuxième","Homme","Adulte",2,0
"Deuxième","Homme","Adulte",2,0
"Deuxième","Homme","Adulte",2,0
"Deuxième","Homme","Adulte",2,0
"Deuxième","Homme","Adulte",2,0
"Deuxième","Homme","Adulte",2,0
"Deuxième","Homme","Adulte",2,0
"Deuxième","Homme","Adulte",2,0
"Deuxième","Homme","Adulte",2,0
"Deuxième","Homme","Adulte",2,0
"Deuxième","Homme","Adulte",2,0
"Deuxième","Homme","Adulte",2,0
"Deuxième","Homme","Adulte",2,0
"Deuxième","Homme","Enfant",2,0
"Deuxième","Homme","Enfant",2,0
"Deuxième","Homme","Enfant",2,0
"Deuxième","Homme","Enfant",2,0
"Deuxième","Homme","Enfant",2,0
"Deuxième","Homme","Enfant",2,0
"Deuxième","Homme","Enfant",2,0
"Deuxième","Homme","Enfant",2,0
"Deuxième","Homme","Enfant",2,0
"Deuxième","Homme","Enfant",2,0
"Deuxième","Homme","Enfant",2,0
"Deuxième","Femme","Adulte",2,1
"Deuxième","Femme","Adulte",2,1
"Deuxième","Femme","Adulte",2,1
"Deuxième","Femme","Adulte",2,1
"Deuxième","Femme","Adulte",2,1
"Deuxième","Femme","Adulte",2,1
"Deuxième","Femme","Adulte",2,1
"Deuxième","Femme","Adulte",2,1
"Deuxième","Femme","Adulte",2,1
"Deuxième","Femme","Adulte",2,1
"Deuxième","Femme","Adulte",2,1
"Deuxième","Femme","Adulte",2,1
"Deuxième","Femme","Adulte",2,1
"Deuxième","Femme","Adulte",2,0
"Deuxième","Femme","Adulte",2,0
"Deuxième","Femme","Adulte",2,0
"Deuxième","Femme","Adulte",2,0
"Deuxième","Femme","Adulte",2,0
"Deuxième","Femme","Adulte",2,0
"Deuxième","Femme","Adulte",2,0
"Deuxième","Femme","Adulte",2,0
"Deuxième","Femme","Adulte",2,0
"Deuxième","Femme","Adulte",2,0
"Deuxième","Femme","Adulte",2,0
"Deuxième","Femme","Adulte",2,0
"Deuxième","Femme","Adulte",2,0
"Deuxième","Femme","Adulte",2,0
"Deuxième","Femme","Adulte",2,0
"Deuxième","Femme","Adulte",2,0
"Deuxième","Femme","Adulte",2,0
"Deuxième","Femme","Adulte",2,0
"Deuxième","Femme","Adulte",2,0
"Deuxième","Femme","Adulte",2,0
"Deuxième","Femme","Adulte",2,0
"Deuxième","Femme","Adulte",2,0
"Deuxième","Femme","Adulte",2,0
"Deuxième","Femme","Adulte",2,0
"Deuxième","Femme","Adulte",2,0
"Deuxième","Femme","Adulte",2,0
"Deuxième","Femme","Adulte",2,0
"Deuxième","Femme","Adulte",2,0
"Deuxième","Femme","Adulte",2,0
"Deuxième","Femme","Adulte",2,0
"Deuxième","Femme","Adulte",2,0
"Deuxième","Femme","Adulte",2,0
"Deuxième","Femme","Adulte",2,0
"Deuxième","Femme","Adulte",2,0
"Deuxième","Femme","Adulte",2,0
"Deuxième","Femme","Adulte",2,0
"Deuxième","Femme","Adulte",2,0
"Deuxième","Femme","Adulte",2,0
"Deuxième","Femme","Adulte",2,0
"Deuxième","Femme","Adulte",2,0
"Deuxième","Femme","Adulte",2,0
"Deuxième","Femme","Adulte",2,0
"Deuxième","Femme","Adulte",2,0
"Deuxième","Femme","Adulte",2,0
"Deuxième","Femme","Adulte",2,0
"Deuxième","Femme","Adulte",2,0
"Deuxième","Femme","Adulte",2,0
"Deuxième","Femme","Adulte",2,0
"Deuxième","Femme","Adulte",2,0
"Deuxième","Femme","Adulte",2,0
"Deuxième","Femme","Adulte",2,0
"Deuxième","Femme","Adulte",2,0
"Deuxième","Femme","Adulte",2,0
"Deuxième","Femme","Adulte",2,0
"Deuxième","Femme","Adulte",2,0
"Deuxième","Femme","Adulte",2,0
"Deuxième","Femme","Adulte",2,0
"Deuxième","Femme","Adulte",2,0
"Deuxième","Femme","Adulte",2,0
"Deuxième","Femme","Adulte",2,0
"Deuxième","Femme","Adulte",2,0
"Deuxième","Femme","Adulte",2,0
"Deuxième","Femme","Adulte",2,0
"Deuxième","Femme","Adulte",2,0
"Deuxième","Femme","Adulte",2,0
"Deuxième","Femme","Adulte",2,0
"Deuxième","Femme","Adulte",2,0
"Deuxième","Femme","Adulte",2,0
"Deuxième","Femme","Adulte",2,0
"Deuxième","Femme","Adulte",2,0
"Deuxième","Femme","Adulte",2,0
"Deuxième","Femme","Adulte",2,0
"Deuxième","Femme","Adulte",2,0
"Deuxième","Femme","Adulte",2,0
"Deuxième","Femme","Adulte",2,0
"Deuxième","Femme","Adulte",2,0
"Deuxième","Femme","Adulte",2,0
"Deuxième","Femme","Adulte",2,0
"Deuxième","Femme","Adulte",2,0
"Deuxième","Femme","Adulte",2,0
"Deuxième","Femme","Adulte",2,0
"Deuxième","Femme","Adulte",2,0
"Deuxième","Femme","Adulte",2,0
"Deuxième","Femme","Adulte",2,0
"Deuxième","Femme","Adulte",2,0
"Deuxième","Femme","Adulte",2,0
"Deuxième","Femme","Adulte",2,0
"Deuxième","Femme","Adulte",2,0
"Deuxième","Femme","Adulte",2,0
"Deuxième","Femme","Adulte",2,0
"Deuxième","Femme","Adulte",2,0
"Deuxième","Femme","Adulte",2,0
"Deuxième","Femme","Adulte",2,0
"Deuxième","Femme","Adulte",2,0
"Deuxième","Femme","Enfant",2,1
"Deuxième","Femme","Enfant",2,1
"Deuxième","Femme","Enfant",2,0
"Deuxième","Femme","Enfant",2,0
"Deuxième","Femme","Enfant",2,0
"Deuxième","Femme","Enfant",2,0
"Deuxième","Femme","Enfant",2,0
"Deuxième","Femme","Enfant",2,0
"Deuxième","Femme","Enfant",2,0
"Deuxième","Femme","Enfant",2,0
"Deuxième","Femme","Enfant",2,0
"Deuxième","Femme","Enfant",2,0
"Deuxième","Femme","Enfant",2,0
"Deuxième","Femme","Enfant",2,0
"Deuxième","Femme","Enfant",2,0
"Deuxième","Femme","Enfant",2,0
"Deuxième","Femme","Enfant",2,0
"Deuxième","Femme","Enfant",2,0
"Deuxième","Femme","Enfant",2,0
"Deuxième","Femme","Enfant",2,0
"Deuxième","Femme","Enfant",2,0
"Troisième","Homme","Adulte",3,1
"Troisième","Homme","Adulte",3,1
"Troisième","Homme","Adulte",3,1
"Troisième","Homme","Adulte",3,1
"Troisième","Homme","Adulte",3,1
"Troisième","Homme","Adulte",3,1
"Troisième","Homme","Adulte",3,1
"Troisième","Homme","Adulte",3,1
"Troisième","Homme","Adulte",3,1
"Troisième","Homme","Adulte",3,1
"Troisième","Homme","Adulte",3,1
"Troisième","Homme","Adulte",3,1
"Troisième","Homme","Adulte",3,1
"Troisième","Homme","Adulte",3,1
"Troisième","Homme","Adulte",3,1
"Troisième","Homme","Adulte",3,1
"Troisième","Homme","Adulte",3,1
"Troisième","Homme","Adulte",3,1
"Troisième","Homme","Adulte",3,1
"Troisième","Homme","Adulte",3,1
"Troisième","Homme","Adulte",3,1
"Troisième","Homme","Adulte",3,1
"Troisième","Homme","Adulte",3,1
"Troisième","Homme","Adulte",3,1
"Troisième","Homme","Adulte",3,1
"Troisième","Homme","Adulte",3,1
"Troisième","Homme","Adulte",3,1
"Troisième","Homme","Adulte",3,1
"Troisième","Homme","Adulte",3,1
"Troisième","Homme","Adulte",3,1
"Troisième","Homme","Adulte",3,1
"Troisième","Homme","Adulte",3,1
"Troisième","Homme","Adulte",3,1
"Troisième","Homme","Adulte",3,1
"Troisième","Homme","Adulte",3,1
"Troisième","Homme","Adulte",3,1
"Troisième","Homme","Adulte",3,1
"Troisième","Homme","Adulte",3,1
"Troisième","Homme","Adulte",3,1
"Troisième","Homme","Adulte",3,1
"Troisième","Homme","Adulte",3,1
"Troisième","Homme","Adulte",3,1
"Troisième","Homme","Adulte",3,1
"Troisième","Homme","Adulte",3,1
"Troisième","Homme","Adulte",3,1
"Troisième","Homme","Adulte",3,1
"Troisième","Homme","Adulte",3,1
"Troisième","Homme","Adulte",3,1
"Troisième","Homme","Adulte",3,1
"Troisième","Homme","Adulte",3,1
"Troisième","Homme","Adulte",3,1
"Troisième","Homme","Adulte",3,1
"Troisième","Homme","Adulte",3,1
"Troisième","Homme","Adulte",3,1
"Troisième","Homme","Adulte",3,1
"Troisième","Homme","Adulte",3,1
"Troisième","Homme","Adulte",3,1
"Troisième","Homme","Adulte",3,1
"Troisième","Homme","Adulte",3,1
"Troisième","Homme","Adulte",3,1
"Troisième","Homme","Adulte",3,1
"Troisième","Homme","Adulte",3,1
"Troisième","Homme","Adulte",3,1
"Troisième","Homme","Adulte",3,1
"Troisième","Homme","Adulte",3,1
"Troisième","Homme","Adulte",3,1
"Troisième","Homme","Adulte",3,1
"Troisième","Homme","Adulte",3,1
"Troisième","Homme","Adulte",3,1
"Troisième","Homme","Adulte",3,1
"Troisième","Homme","Adulte",3,1
"Troisième","Homme","Adulte",3,1
"Troisième","Homme","Adulte",3,1
"Troisième","Homme","Adulte",3,1
"Troisième","Homme","Adulte",3,1
"Troisième","Homme","Adulte",3,1
"Troisième","Homme","Adulte",3,1
"Troisième","Homme","Adulte",3,1
"Troisième","Homme","Adulte",3,1
"Troisième","Homme","Adulte",3,1
"Troisième","Homme","Adulte",3,1
"Troisième","Homme","Adulte",3,1
"Troisième","Homme","Adulte",3,1
"Troisième","Homme","Adulte",3,1
"Troisième","Homme","Adulte",3,1
"Troisième","Homme","Adulte",3,1
"Troisième","Homme","Adulte",3,1
"Troisième","Homme","Adulte",3,1
"Troisième","Homme","Adulte",3,1
"Troisième","Homme","Adulte",3,1
"Troisième","Homme","Adulte",3,1
"Troisième","Homme","Adulte",3,1
"Troisième","Homme","Adulte",3,1
"Troisième","Homme","Adulte",3,1
"Troisième","Homme","Adulte",3,1
"Troisième","Homme","Adulte",3,1
"Troisième","Homme","Adulte",3,1
"Troisième","Homme","Adulte",3,1
"Troisième","Homme","Adulte",3,1
"Troisième","Homme","Adulte",3,1
"Troisième","Homme","Adulte",3,1
"Troisième","Homme","Adulte",3,1
"Troisième","Homme","Adulte",3,1
"Troisième","Homme","Adulte",3,1
"Troisième","Homme","Adulte",3,1
"Troisième","Homme","Adulte",3,1
"Troisième","Homme","Adulte",3,1
"Troisième","Homme","Adulte",3,1
"Troisième","Homme","Adulte",3,1
"Troisième","Homme","Adulte",3,1
"Troisième","Homme","Adulte",3,1
"Troisième","Homme","Adulte",3,1
"Troisième","Homme","Adulte",3,1
"Troisième","Homme","Adulte",3,1
"Troisième","Homme","Adulte",3,1
"Troisième","Homme","Adulte",3,0
"Troisième","Homme","Adulte",3,0
"Troisième","Homme","Adulte",3,0
"Troisième","Homme","Adulte",3,0
"Troisième","Homme","Adulte",3,0
"Troisième","Homme","Adulte",3,0
"Troisième","Homme","Adulte",3,0
"Troisième","Homme","Adulte",3,0
"Troisième","Homme","Adulte",3,0
"Troisième","Homme","Adulte",3,0
"Troisième","Homme","Adulte",3,0
"Troisième","Homme","Adulte",3,0
"Troisième","Homme","Adulte",3,0
"Troisième","Homme","Adulte",3,0
"Troisième","Homme","Adulte",3,0
"Troisième","Homme","Adulte",3,0
"Troisième","Homme","Adulte",3,0
"Troisième","Homme","Adulte",3,0
"Troisième","Homme","Adulte",3,0
"Troisième","Homme","Adulte",3,0
"Troisième","Homme","Adulte",3,0
"Troisième","Homme","Adulte",3,0
"Troisième","Homme","Adulte",3,0
"Troisième","Homme","Adulte",3,0
"Troisième","Homme","Adulte",3,0
"Troisième","Homme","Adulte",3,0
"Troisième","Homme","Adulte",3,0
"Troisième","Homme","Adulte",3,0
"Troisième","Homme","Adulte",3,0
"Troisième","Homme","Adulte",3,0
"Troisième","Homme","Adulte",3,0
"Troisième","Homme","Adulte",3,0
"Troisième","Homme","Adulte",3,0
"Troisième","Homme","Adulte",3,0
"Troisième","Homme","Adulte",3,0
"Troisième","Homme","Adulte",3,0
"Troisième","Homme","Adulte",3,0
"Troisième","Homme","Adulte",3,0
"Troisième","Homme","Adulte",3,0
"Troisième","Homme","Adulte",3,0
"Troisième","Homme","Adulte",3,0
"Troisième","Homme","Adulte",3,0
"Troisième","Homme","Adulte",3,0
"Troisième","Homme","Adulte",3,0
"Troisième","Homme","Adulte",3,0
"Troisième","Homme","Adulte",3,0
"Troisième","Homme","Adulte",3,0
"Troisième","Homme","Adulte",3,0
"Troisième","Homme","Adulte",3,0
"Troisième","Homme","Adulte",3,0
"Troisième","Homme","Adulte",3,0
"Troisième","Homme","Adulte",3,0
"Troisième","Homme","Adulte",3,0
"Troisième","Homme","Adulte",3,0
"Troisième","Homme","Adulte",3,0
"Troisième","Homme","Adulte",3,0
"Troisième","Homme","Adulte",3,0
"Troisième","Homme","Adulte",3,0
"Troisième","Homme","Adulte",3,0
"Troisième","Homme","Adulte",3,0
"Troisième","Homme","Adulte",3,0
"Troisième","Homme","Adulte",3,0
"Troisième","Homme","Adulte",3,0
"Troisième","Homme","Adulte",3,0
"Troisième","Homme","Adulte",3,0
"Troisième","Homme","Adulte",3,0
"Troisième","Homme","Adulte",3,0
"Troisième","Homme","Adulte",3,0
"Troisième","Homme","Adulte",3,0
"Troisième","Homme","Adulte",3,0
"Troisième","Homme","Adulte",3,0
"Troisième","Homme","Adulte",3,0
"Troisième","Homme","Adulte",3,0
"Troisième","Homme","Adulte",3,0
"Troisième","Homme","Adulte",3,0
"Troisième","Homme","Adulte",3,0
"Troisième","Homme","Adulte",3,0
"Troisième","Homme","Adulte",3,0
"Troisième","Homme","Adulte",3,0
"Troisième","Homme","Adulte",3,0
"Troisième","Homme","Adulte",3,0
"Troisième","Homme","Adulte",3,0
"Troisième","Homme","Adulte",3,0
"Troisième","Homme","Adulte",3,0
"Troisième","Homme","Adulte",3,0
"Troisième","Homme","Adulte",3,0
"Troisième","Homme","Adulte",3,0
"Troisième","Homme","Adulte",3,0
"Troisième","Homme","Adulte",3,0
"Troisième","Homme","Adulte",3,0
"Troisième","Homme","Adulte",3,0
"Troisième","Homme","Adulte",3,0
"Troisième","Homme","Adulte",3,0
"Troisième","Homme","Adulte",3,0
"Troisième","Homme","Adulte",3,0
"Troisième","Homme","Adulte",3,0
"Troisième","Homme","Adulte",3,0
"Troisième","Homme","Adulte",3,0
"Troisième","Homme","Adulte",3,0
"Troisième","Homme","Adulte",3,0
"Troisième","Homme","Adulte",3,0
"Troisième","Homme","Adulte",3,0
"Troisième","Homme","Adulte",3,0
"Troisième","Homme","Adulte",3,0
"Troisième","Homme","Adulte",3,0
"Troisième","Homme","Adulte",3,0
"Troisième","Homme","Adulte",3,0
"Troisième","Homme","Adulte",3,0
"Troisième","Homme","Adulte",3,0
"Troisième","Homme","Adulte",3,0
"Troisième","Homme","Adulte",3,0
"Troisième","Homme","Adulte",3,0
"Troisième","Homme","Adulte",3,0
"Troisième","Homme","Adulte",3,0
"Troisième","Homme","Adulte",3,0
"Troisième","Homme","Adulte",3,0
"Troisième","Homme","Adulte",3,0
"Troisième","Homme","Adulte",3,0
"Troisième","Homme","Adulte",3,0
"Troisième","Homme","Adulte",3,0
"Troisième","Homme","Adulte",3,0
"Troisième","Homme","Adulte",3,0
"Troisième","Homme","Adulte",3,0
"Troisième","Homme","Adulte",3,0
"Troisième","Homme","Adulte",3,0
"Troisième","Homme","Adulte",3,0
"Troisième","Homme","Adulte",3,0
"Troisième","Homme","Adulte",3,0
"Troisième","Homme","Adulte",3,0
"Troisième","Homme","Adulte",3,0
"Troisième","Homme","Adulte",3,0
"Troisième","Homme","Adulte",3,0
"Troisième","Homme","Adulte",3,0
"Troisième","Homme","Adulte",3,0
"Troisième","Homme","Adulte",3,0
"Troisième","Homme","Adulte",3,0
"Troisième","Homme","Adulte",3,0
"Troisième","Homme","Adulte",3,0
"Troisième","Homme","Adulte",3,0
"Troisième","Homme","Adulte",3,0
"Troisième","Homme","Adulte",3,0
"Troisième","Homme","Adulte",3,0
"Troisième","Homme","Adulte",3,0
"Troisième","Homme","Adulte",3,0
"Troisième","Homme","Adulte",3,0
"Troisième","Homme","Adulte",3,0
"Troisième","Homme","Adulte",3,0
"Troisième","Homme","Adulte",3,0
"Troisième","Homme","Adulte",3,0
"Troisième","Homme","Adulte",3,0
"Troisième","Homme","Adulte",3,0
"Troisième","Homme","Adulte",3,0
"Troisième","Homme","Adulte",3,0
"Troisième","Homme","Adulte",3,0
"Troisième","Homme","Adulte",3,0
"Troisième","Homme","Adulte",3,0
"Troisième","Homme","Adulte",3,0
"Troisième","Homme","Adulte",3,0
"Troisième","Homme","Adulte",3,0
"Troisième","Homme","Adulte",3,0
"Troisième","Homme","Adulte",3,0
"Troisième","Homme","Adulte",3,0
"Troisième","Homme","Adulte",3,0
"Troisième","Homme","Adulte",3,0
"Troisième","Homme","Adulte",3,0
"Troisième","Homme","Adulte",3,0
"Troisième","Homme","Adulte",3,0
"Troisième","Homme","Adulte",3,0
"Troisième","Homme","Adulte",3,0
"Troisième","Homme","Adulte",3,0
"Troisième","Homme","Adulte",3,0
"Troisième","Homme","Adulte",3,0
"Troisième","Homme","Adulte",3,0
"Troisième","Homme","Adulte",3,0
"Troisième","Homme","Adulte",3,0
"Troisième","Homme","Adulte",3,0
"Troisième","Homme","Adulte",3,0
"Troisième","Homme","Adulte",3,0
"Troisième","Homme","Adulte",3,0
"Troisième","Homme","Adulte",3,0
"Troisième","Homme","Adulte",3,0
"Troisième","Homme","Adulte",3,0
"Troisième","Homme","Adulte",3,0
"Troisième","Homme","Adulte",3,0
"Troisième","Homme","Adulte",3,0
"Troisième","Homme","Adulte",3,0
"Troisième","Homme","Adulte",3,0
"Troisième","Homme","Adulte",3,0
"Troisième","Homme","Adulte",3,0
"Troisième","Homme","Adulte",3,0
"Troisième","Homme","Adulte",3,0
"Troisième","Homme","Adulte",3,0
"Troisième","Homme","Adulte",3,0
"Troisième","Homme","Adulte",3,0
"Troisième","Homme","Adulte",3,0
"Troisième","Homme","Adulte",3,0
"Troisième","Homme","Adulte",3,0
"Troisième","Homme","Adulte",3,0
"Troisième","Homme","Adulte",3,0
"Troisième","Homme","Adulte",3,0
"Troisième","Homme","Adulte",3,0
"Troisième","Homme","Adulte",3,0
"Troisième","Homme","Adulte",3,0
"Troisième","Homme","Adulte",3,0
"Troisième","Homme","Adulte",3,0
"Troisième","Homme","Adulte",3,0
"Troisième","Homme","Adulte",3,0
"Troisième","Homme","Adulte",3,0
"Troisième","Homme","Adulte",3,0
"Troisième","Homme","Adulte",3,0
"Troisième","Homme","Adulte",3,0
"Troisième","Homme","Adulte",3,0
"Troisième","Homme","Adulte",3,0
"Troisième","Homme","Adulte",3,0
"Troisième","Homme","Adulte",3,0
"Troisième","Homme","Adulte",3,0
"Troisième","Homme","Adulte",3,0
"Troisième","Homme","Adulte",3,0
"Troisième","Homme","Adulte",3,0
"Troisième","Homme","Adulte",3,0
"Troisième","Homme","Adulte",3,0
"Troisième","Homme","Adulte",3,0
"Troisième","Homme","Adulte",3,0
"Troisième","Homme","Adulte",3,0
"Troisième","Homme","Adulte",3,0
"Troisième","Homme","Adulte",3,0
"Troisième","Homme","Adulte",3,0
"Troisième","Homme","Adulte",3,0
"Troisième","Homme","Adulte",3,0
"Troisième","Homme","Adulte",3,0
"Troisième","Homme","Adulte",3,0
"Troisième","Homme","Adulte",3,0
"Troisième","Homme","Adulte",3,0
"Troisième","Homme","Adulte",3,0
"Troisième","Homme","Adulte",3,0
"Troisième","Homme","Adulte",3,0
"Troisième","Homme","Adulte",3,0
"Troisième","Homme","Adulte",3,0
"Troisième","Homme","Adulte",3,0
"Troisième","Homme","Adulte",3,0
"Troisième","Homme","Adulte",3,0
"Troisième","Homme","Adulte",3,0
"Troisième","Homme","Adulte",3,0
"Troisième","Homme","Adulte",3,0
"Troisième","Homme","Adulte",3,0
"Troisième","Homme","Adulte",3,0
"Troisième","Homme","Adulte",3,0
"Troisième","Homme","Adulte",3,0
"Troisième","Homme","Adulte",3,0
"Troisième","Homme","Adulte",3,0
"Troisième","Homme","Adulte",3,0
"Troisième","Homme","Adulte",3,0
"Troisième","Homme","Adulte",3,0
"Troisième","Homme","Adulte",3,0
"Troisième","Homme","Adulte",3,0
"Troisième","Homme","Adulte",3,0
"Troisième","Homme","Adulte",3,0
"Troisième","Homme","Adulte",3,0
"Troisième","Homme","Adulte",3,0
"Troisième","Homme","Adulte",3,0
"Troisième","Homme","Adulte",3,0
"Troisième","Homme","Adulte",3,0
"Troisième","Homme","Adulte",3,0
"Troisième","Homme","Adulte",3,0
"Troisième","Homme","Adulte",3,0
"Troisième","Homme","Adulte",3,0
"Troisième","Homme","Adulte",3,0
"Troisième","Homme","Adulte",3,0
"Troisième","Homme","Adulte",3,0
"Troisième","Homme","Adulte",3,0
"Troisième","Homme","Adulte",3,0
"Troisième","Homme","Adulte",3,0
"Troisième","Homme","Adulte",3,0
"Troisième","Homme","Adulte",3,0
"Troisième","Homme","Adulte",3,0
"Troisième","Homme","Adulte",3,0
"Troisième","Homme","Adulte",3,0
"Troisième","Homme","Adulte",3,0
"Troisième","Homme","Adulte",3,0
"Troisième","Homme","Adulte",3,0
"Troisième","Homme","Adulte",3,0
"Troisième","Homme","Adulte",3,0
"Troisième","Homme","Adulte",3,0
"Troisième","Homme","Adulte",3,0
"Troisième","Homme","Adulte",3,0
"Troisième","Homme","Adulte",3,0
"Troisième","Homme","Adulte",3,0
"Troisième","Homme","Adulte",3,0
"Troisième","Homme","Adulte",3,0
"Troisième","Homme","Adulte",3,0
"Troisième","Homme","Adulte",3,0
"Troisième","Homme","Adulte",3,0
"Troisième","Homme","Adulte",3,0
"Troisième","Homme","Adulte",3,0
"Troisième","Homme","Adulte",3,0
"Troisième","Homme","Adulte",3,0
"Troisième","Homme","Adulte",3,0
"Troisième","Homme","Adulte",3,0
"Troisième","Homme","Adulte",3,0
"Troisième","Homme","Adulte",3,0
"Troisième","Homme","Adulte",3,0
"Troisième","Homme","Adulte",3,0
"Troisième","Homme","Adulte",3,0
"Troisième","Homme","Adulte",3,0
"Troisième","Homme","Adulte",3,0
"Troisième","Homme","Adulte",3,0
"Troisième","Homme","Adulte",3,0
"Troisième","Homme","Adulte",3,0
"Troisième","Homme","Adulte",3,0
"Troisième","Homme","Adulte",3,0
"Troisième","Homme","Adulte",3,0
"Troisième","Homme","Adulte",3,0
"Troisième","Homme","Adulte",3,0
"Troisième","Homme","Adulte",3,0
"Troisième","Homme","Adulte",3,0
"Troisième","Homme","Adulte",3,0
"Troisième","Homme","Adulte",3,0
"Troisième","Homme","Adulte",3,0
"Troisième","Homme","Adulte",3,0
"Troisième","Homme","Adulte",3,0
"Troisième","Homme","Adulte",3,0
"Troisième","Homme","Adulte",3,0
"Troisième","Homme","Adulte",3,0
"Troisième","Homme","Adulte",3,0
"Troisième","Homme","Adulte",3,0
"Troisième","Homme","Adulte",3,0
"Troisième","Homme","Adulte",3,0
"Troisième","Homme","Adulte",3,0
"Troisième","Homme","Adulte",3,0
"Troisième","Homme","Adulte",3,0
"Troisième","Homme","Adulte",3,0
"Troisième","Homme","Enfant",3,1
"Troisième","Homme","Enfant",3,0
"Troisième","Homme","Enfant",3,0
"Troisième","Homme","Enfant",3,0
"Troisième","Homme","Enfant",3,0
"Troisième","Homme","Enfant",3,0
"Troisième","Homme","Enfant",3,0
"Troisième","Homme","Enfant",3,0
"Troisième","Homme","Enfant",3,0
"Troisième","Homme","Enfant",3,0
"Troisième","Homme","Enfant",3,0
"Troisième","Homme","Enfant",3,0
"Troisième","Homme","Enfant",3,0
"Troisième","Homme","Enfant",3,0
"Troisième","Homme","Enfant",3,0
"Troisième","Homme","Enfant",3,0
"Troisième","Homme","Enfant",3,0
"Troisième","Homme","Enfant",3,0
"Troisième","Homme","Enfant",3,0
"Troisième","Homme","Enfant",3,0
"Troisième","Homme","Enfant",3,0
"Troisième","Homme","Enfant",3,0
"Troisième","Homme","Enfant",3,0
"Troisième","Homme","Enfant",3,0
"Troisième","Homme","Enfant",3,0
"Troisième","Homme","Enfant",3,0
"Troisième","Homme","Enfant",3,0
"Troisième","Homme","Enfant",3,0
"Troisième","Homme","Enfant",3,0
"Troisième","Homme","Enfant",3,0
"Troisième","Homme","Enfant",3,0
"Troisième","Homme","Enfant",3,0
"Troisième","Homme","Enfant",3,0
"Troisième","Homme","Enfant",3,0
"Troisième","Homme","Enfant",3,0
"Troisième","Homme","Enfant",3,0
"Troisième","Homme","Enfant",3,0
"Troisième","Homme","Enfant",3,0
"Troisième","Homme","Enfant",3,0
"Troisième","Homme","Enfant",3,0
"Troisième","Homme","Enfant",3,0
"Troisième","Homme","Enfant",3,0
"Troisième","Homme","Enfant",3,0
"Troisième","Homme","Enfant",3,0
"Troisième","Homme","Enfant",3,0
"Troisième","Homme","Enfant",3,0
"Troisième","Homme","Enfant",3,0
"Troisième","Homme","Enfant",3,0
"Troisième","Homme","Enfant",3,0
"Troisième","Homme","Enfant",3,0
"Troisième","Homme","Enfant",3,0
"Troisième","Homme","Enfant",3,0
"Troisième","Homme","Enfant",3,0
"Troisième","Homme","Enfant",3,0
"Troisième","Femme","Adulte",3,1
"Troisième","Femme","Adulte",3,1
"Troisième","Femme","Adulte",3,1
"Troisième","Femme","Adulte",3,1
"Troisième","Femme","Adulte",3,1
"Troisième","Femme","Adulte",3,1
"Troisième","Femme","Adulte",3,1
"Troisième","Femme","Adulte",3,1
"Troisième","Femme","Adulte",3,1
"Troisième","Femme","Adulte",3,1
"Troisième","Femme","Adulte",3,1
"Troisième","Femme","Adulte",3,1
"Troisième","Femme","Adulte",3,1
"Troisième","Femme","Adulte",3,1
"Troisième","Femme","Adulte",3,1
"Troisième","Femme","Adulte",3,1
"Troisième","Femme","Adulte",3,1
"Troisième","Femme","Adulte",3,0
"Troisième","Femme","Adulte",3,0
"Troisième","Femme","Adulte",3,0
"Troisième","Femme","Adulte",3,0
"Troisième","Femme","Adulte",3,0
"Troisième","Femme","Adulte",3,0
"Troisième","Femme","Adulte",3,0
"Troisième","Femme","Adulte",3,0
"Troisième","Femme","Adulte",3,0
"Troisième","Femme","Adulte",3,0
"Troisième","Femme","Adulte",3,0
"Troisième","Femme","Adulte",3,0
"Troisième","Femme","Adulte",3,0
"Troisième","Femme","Adulte",3,0
"Troisième","Femme","Adulte",3,0
"Troisième","Femme","Adulte",3,0
"Troisième","Femme","Adulte",3,0
"Troisième","Femme","Adulte",3,0
"Troisième","Femme","Adulte",3,0
"Troisième","Femme","Adulte",3,0
"Troisième","Femme","Adulte",3,0
"Troisième","Femme","Adulte",3,0
"Troisième","Femme","Adulte",3,0
"Troisième","Femme","Adulte",3,0
"Troisième","Femme","Adulte",3,0
"Troisième","Femme","Adulte",3,0
"Troisième","Femme","Adulte",3,0
"Troisième","Femme","Adulte",3,0
"Troisième","Femme","Adulte",3,0
"Troisième","Femme","Adulte",3,0
"Troisième","Femme","Adulte",3,0
"Troisième","Femme","Adulte",3,0
"Troisième","Femme","Adulte",3,0
"Troisième","Femme","Adulte",3,0
"Troisième","Femme","Adulte",3,0
"Troisième","Femme","Adulte",3,0
"Troisième","Femme","Adulte",3,0
"Troisième","Femme","Adulte",3,0
"Troisième","Femme","Adulte",3,0
"Troisième","Femme","Adulte",3,0
"Troisième","Femme","Adulte",3,0
"Troisième","Femme","Adulte",3,0
"Troisième","Femme","Adulte",3,0
"Troisième","Femme","Adulte",3,0
"Troisième","Femme","Adulte",3,0
"Troisième","Femme","Adulte",3,0
"Troisième","Femme","Adulte",3,0
"Troisième","Femme","Adulte",3,0
"Troisième","Femme","Adulte",3,0
"Troisième","Femme","Adulte",3,0
"Troisième","Femme","Adulte",3,0
"Troisième","Femme","Adulte",3,0
"Troisième","Femme","Adulte",3,0
"Troisième","Femme","Adulte",3,0
"Troisième","Femme","Adulte",3,0
"Troisième","Femme","Adulte",3,0
"Troisième","Femme","Adulte",3,0
"Troisième","Femme","Adulte",3,0
"Troisième","Femme","Adulte",3,0
"Troisième","Femme","Adulte",3,0
"Troisième","Femme","Adulte",3,0
"Troisième","Femme","Adulte",3,0
"Troisième","Femme","Adulte",3,0
"Troisième","Femme","Adulte",3,0
"Troisième","Femme","Adulte",3,0
"Troisième","Femme","Adulte",3,0
"Troisième","Femme","Adulte",3,0
"Troisième","Femme","Adulte",3,0
"Troisième","Femme","Adulte",3,0
"Troisième","Femme","Adulte",3,0
"Troisième","Femme","Adulte",3,0
"Troisième","Femme","Adulte",3,0
"Troisième","Femme","Adulte",3,0
"Troisième","Femme","Adulte",3,0
"Troisième","Femme","Adulte",3,0
"Troisième","Femme","Adulte",3,0
"Troisième","Femme","Adulte",3,0
"Troisième","Femme","Adulte",3,0
"Troisième","Femme","Adulte",3,0
"Troisième","Femme","Adulte",3,0
"Troisième","Femme","Adulte",3,0
"Troisième","Femme","Adulte",3,0
"Troisième","Femme","Adulte",3,0
"Troisième","Femme","Adulte",3,0
"Troisième","Femme","Adulte",3,0
"Troisième","Femme","Adulte",3,0
"Troisième","Femme","Adulte",3,0
"Troisième","Femme","Adulte",3,0
"Troisième","Femme","Adulte",3,0
"Troisième","Femme","Adulte",3,0
"Troisième","Femme","Adulte",3,0
"Troisième","Femme","Adulte",3,0
"Troisième","Femme","Adulte",3,0
"Troisième","Femme","Adulte",3,0
"Troisième","Femme","Adulte",3,0
"Troisième","Femme","Adulte",3,0
"Troisième","Femme","Adulte",3,0
"Troisième","Femme","Adulte",3,0
"Troisième","Femme","Adulte",3,0
"Troisième","Femme","Adulte",3,0
"Troisième","Femme","Adulte",3,0
"Troisième","Femme","Adulte",3,0
"Troisième","Femme","Adulte",3,0
"Troisième","Femme","Adulte",3,0
"Troisième","Femme","Adulte",3,0
"Troisième","Femme","Adulte",3,0
"Troisième","Femme","Adulte",3,0
"Troisième","Femme","Adulte",3,0
"Troisième","Femme","Adulte",3,0
"Troisième","Femme","Adulte",3,0
"Troisième","Femme","Adulte",3,0
"Troisième","Femme","Adulte",3,0
"Troisième","Femme","Adulte",3,0
"Troisième","Femme","Adulte",3,0
"Troisième","Femme","Adulte",3,0
"Troisième","Femme","Adulte",3,0
"Troisième","Femme","Adulte",3,0
"Troisième","Femme","Adulte",3,0
"Troisième","Femme","Adulte",3,0
"Troisième","Femme","Adulte",3,0
"Troisième","Femme","Adulte",3,0
"Troisième","Femme","Adulte",3,0
"Troisième","Femme","Adulte",3,0
"Troisième","Femme","Adulte",3,0
"Troisième","Femme","Adulte",3,0
"Troisième","Femme","Adulte",3,0
"Troisième","Femme","Adulte",3,0
"Troisième","Femme","Adulte",3,0
"Troisième","Femme","Adulte",3,0
"Troisième","Femme","Adulte",3,0
"Troisième","Femme","Adulte",3,0
"Troisième","Femme","Adulte",3,0
"Troisième","Femme","Adulte",3,0
"Troisième","Femme","Adulte",3,0
"Troisième","Femme","Adulte",3,0
"Troisième","Femme","Adulte",3,0
"Troisième","Femme","Adulte",3,0
"Troisième","Femme","Adulte",3,0
"Troisième","Femme","Adulte",3,0
"Troisième","Femme","Adulte",3,0
"Troisième","Femme","Adulte",3,0
"Troisième","Femme","Adulte",3,0
"Troisième","Femme","Adulte",3,0
"Troisième","Femme","Adulte",3,0
"Troisième","Femme","Adulte",3,0
"Troisième","Femme","Adulte",3,0
"Troisième","Femme","Adulte",3,0
"Troisième","Femme","Adulte",3,0
"Troisième","Femme","Adulte",3,0
"Troisième","Femme","Adulte",3,0
"Troisième","Femme","Adulte",3,0
"Troisième","Femme","Adulte",3,0
"Troisième","Femme","Enfant",3,0
"Troisième","Femme","Enfant",3,0
"Troisième","Femme","Enfant",3,0
"Troisième","Femme","Enfant",3,0
"Troisième","Femme","Enfant",3,0
"Troisième","Femme","Enfant",3,0
"Troisième","Femme","Enfant",3,0
"Troisième","Femme","Enfant",3,0
"Troisième","Femme","Enfant",3,0
"Troisième","Femme","Enfant",3,0
"Troisième","Femme","Enfant",3,0
"Troisième","Femme","Enfant",3,0
"Troisième","Femme","Enfant",3,0
"Troisième","Femme","Enfant",3,0
"Troisième","Femme","Enfant",3,0
"Troisième","Femme","Enfant",3,0
"Troisième","Femme","Enfant",3,0
"Troisième","Femme","Enfant",3,0
"Troisième","Femme","Enfant",3,0
"Troisième","Femme","Enfant",3,0
"Troisième","Femme","Enfant",3,0
"Troisième","Femme","Enfant",3,0
"Troisième","Femme","Enfant",3,0
"Troisième","Femme","Enfant",3,0
"Troisième","Femme","Enfant",3,0
"Troisième","Femme","Enfant",3,0
"Troisième","Femme","Enfant",3,0
"Troisième","Femme","Enfant",3,0
"Troisième","Femme","Enfant",3,0
"Troisième","Femme","Enfant",3,0
"Troisième","Femme","Enfant",3,0
"Troisième","Femme","Enfant",3,0
"Troisième","Femme","Enfant",3,0
"Troisième","Femme","Enfant",3,0
"Troisième","Femme","Enfant",3,0
"Troisième","Femme","Enfant",3,0
"Troisième","Femme","Enfant",3,0
"Troisième","Femme","Enfant",3,0
"Troisième","Femme","Enfant",3,0
"Troisième","Femme","Enfant",3,0
"Troisième","Femme","Enfant",3,0
"Troisième","Femme","Enfant",3,0
"Troisième","Femme","Enfant",3,0
"Troisième","Femme","Enfant",3,0
"Troisième","Femme","Enfant",3,0
"Troisième","Femme","Enfant",3,0
"Troisième","Femme","Enfant",3,0
"Troisième","Femme","Enfant",3,0
